long,long,flags,long,flags,long,long,flags,None,None,long,long,long,long,
210,189,0x21,2,0x2,12,0,0x0,,,189,0,0,0,
230,573,0x1,8,0x0,1,0,0x0,,,573,0,0,0,
233,20,0x21,8,0x0,1,68,0x0,,,20,0,0,0,
270,229,0x1,8,0x0,1,0,0x0,,,229,0,0,0,
310,249,0x1,8,0x0,1,0,0x0,,,249,0,0,0,
311,249,0x1,8,0x0,0,0,0x0,,,249,0,0,0,
371,270,0x0,2,0x2,12,269,0x0,,,189,0,0,0,
411,310,0x1,8,0x0,1,0,0x0,,,310,0,0,0,
470,311,0x0,8,0x0,1,0,0x0,,,0,0,0,0,
473,349,0x41,0,0x0,0,70,0x0,,,349,0,0,0,
39,18,0x1,8,0x0,1,0,0x0,,,18,0,0,0,
74,60,0x1,8,0x0,1,289,0x0,,,60,0,0,0,
79,69,0x821,3,0x2,12,0,0x0,,,0,0,0,0,
83,66,0x21,4,0x4,2,0,0x0,,,0,0,0,0,
87,70,0x1,8,0x0,1,0,0x0,,,70,0,0,0,
474,369,0x0,0,0x0,0,0,0x0,,,369,0,0,0,
534,189,0x0,2,0x2,0,0,0x0,,,0,0,0,0,
574,449,0x21,8,0x0,1,450,0x0,,,449,0,0,0,
575,450,0x0,8,0x0,1,0,0x0,,,450,0,0,0,
594,32,0x0,8,0x0,0,0,0x0,,,0,0,0,0,
90,73,0x1,8,0x0,1,0,0x0,,,73,0,0,0,
94,77,0x0,0,0x8,0,0,0x0,,,0,0,0,0,
96,79,0x0,2,0x2,0,0,0x0,,,0,0,0,0,
124,69,0x21,2,0x2,4,0,0x0,,,0,0,0,0,
127,35,0x20,0,0x0,1,0,0x0,,,0,0,0,0,
148,72,0x20,2,0x2,4,0,0x0,,,0,0,0,0,
151,108,0x0,2,0x0,4,0,0x0,,,0,0,0,0,
154,111,0x1,8,0x0,1,0,0x0,,,109,85,111,110,
209,168,0x2,2,0x2,0,0,0x0,,,168,0,0,0,
231,40,0x848,3,0x2,8,0,0x0,,,0,0,0,0,
250,40,0x848,1,0x1,8,0,0x0,,,0,0,0,0,
290,40,0x8,1,0x1,0,0,0x0,,,0,0,0,0,
370,269,0x0,2,0x2,12,270,0x0,,,189,0,0,0,
614,36,0x9,0,0x1,0,0,0x0,,,36,0,0,0,
654,82,0x1,8,0x0,1,0,0x0,,,82,0,0,0,
655,90,0x9,8,0x0,5,0,0x0,,,90,0,0,0,
674,48,0x1,0,0x0,0,0,0x0,,,48,0,0,0,
714,66,0x21,4,0x4,0,0,0x0,,,0,0,0,0,
471,349,0x1,0,0x0,0,0,0x0,,,349,0,0,0,
734,48,0x1,1,0x1,0,0,0x0,,,48,0,0,0,
735,489,0x0,1,0x1,0,0,0x0,,,489,0,0,0,
736,489,0x1,8,0x0,1,0,0x0,,,489,0,0,0,
754,48,0x41,8,0x0,1,34,0x0,,,48,0,0,0,
774,40,0x8,3,0x2,0,0,0x0,,,0,0,0,0,
775,40,0x8,5,0x4,0,0,0x0,,,0,0,0,0,
776,510,0x0,4,0x4,10,509,0x0,,,66,0,0,0,
777,509,0x0,4,0x4,10,510,0x0,,,66,0,0,0,
778,511,0x1,8,0x0,1,0,0x0,,,511,0,0,0,
794,529,0x0,0,0x0,0,0,0x0,,,529,0,0,0,
854,577,0x1821,1,0x0,8,0,0x0,,,577,0,0,0,
894,108,0x0,2,0x2,4,0,0x0,,,108,0,0,0,
934,575,0x0,8,0x0,1,0,0x0,,,575,0,0,0,
974,20,0x0,8,0x0,1,0,0x0,,,20,0,0,0,
103,80,0x1,8,0x0,1,0,0x0,,,80,0,0,0,
995,81,0x21,4,0x4,2,0,0x0,,,0,0,0,0,
1014,629,0x1,0,0x0,0,0,0x0,,,629,0,0,0,
1015,629,0x0,0,0x0,0,0,0x0,,,629,0,0,0,
330,229,0x1,8,0x0,0,0,0x0,,,229,0,0,0,
495,40,0x849,1,0x1,8,0,0x0,,,40,0,0,0,
514,409,0x1,8,0x0,1,0,0x0,,,409,0,0,0,
2,2,0x48,5,0x4,10,0,0x0,,,0,0,0,0,
6,6,0x48,5,0x4,10,0,0x0,,,0,0,0,0,
12,72,0x0,2,0x2,4,0,0x0,,,72,0,0,0,
19,17,0x1,8,0x0,1,0,0x0,,,17,0,0,0,
23,54,0x801,2,0x2,4,0,0x0,,,0,0,0,0,
27,15,0x1,8,0x0,1,1,0x0,,,15,0,0,0,
32,29,0x10,0,0x0,0,28,0x0,,,0,0,0,0,
37,33,0x1,8,0x0,1,0,0x0,,,33,0,0,0,
42,36,0x9,1,0x1,0,0,0x0,,,36,0,0,0,
43,35,0x21,8,0x0,0,36,0x0,,,35,0,0,0,
47,41,0x1,8,0x0,1,0,0x0,,,41,0,0,0,
51,45,0x1,8,0x0,1,46,0x28,,,45,0,0,0,
52,46,0x21,4,0x4,10,0,0x0,,,46,0,0,0,
55,47,0x0,2,0x2,4,0,0x0,,,47,0,0,0,
56,49,0x21,2,0x2,12,0,0x0,,,49,0,0,0,
61,51,0x1,8,0x0,1,0,0x0,,,51,0,0,0,
62,52,0x1,8,0x0,1,0,0x0,,,52,0,0,0,
65,76,0x1,0,0x0,0,45,0x0,,,76,0,0,0,
67,56,0x1,8,0x0,1,0,0x0,,,56,0,0,0,
70,57,0x1,8,0x0,1,0,0x0,,,57,0,0,0,
71,68,0x821,5,0x4,10,0,0x0,,,0,0,0,0,
84,189,0x21,2,0x2,4,0,0x0,,,0,0,0,0,
89,56,0x21,8,0x0,1,20,0x0,,,56,0,0,0,
98,68,0x8,4,0x4,10,0,0x0,,,0,0,0,0,
121,21,0x1821,1,0x0,8,0,0x0,,,21,0,0,0,
125,76,0x21,4,0x4,2,0,0x0,,,0,0,0,0,
133,93,0x1,8,0x0,1,0,0x0,,,93,0,0,0,
150,108,0x821,3,0x2,12,0,0x0,,,0,0,0,0,
208,168,0x5,2,0x2,0,0,0x0,,,168,0,0,0,
232,40,0x848,5,0x4,8,0,0x0,,,0,0,0,0,
312,22,0x1,8,0x0,1,0,0x0,,,22,0,0,0,
390,21,0x21,0,0x0,0,60,0x0,,,21,0,0,0,
634,14,0x0,8,0x0,0,0,0x0,,,0,0,0,0,
635,609,0x1,0,0x0,0,0,0x0,,,609,0,0,0,
636,576,0x0,8,0x0,1,65,0x0,,,576,0,0,0,
694,471,0x0,0,0x0,4,0,0x0,,,471,0,0,0,
695,471,0x21,0,0x0,0,0,0x0,,,471,0,0,0,
834,74,0x1,8,0x0,1,0,0x0,,,74,0,0,0,
875,54,0x0,2,0x2,4,0,0x0,,,0,0,0,0,
876,530,0x21,4,0x4,2,0,0x0,,,0,0,0,0,
877,530,0x821,5,0x4,10,0,0x0,,,0,0,0,0,
954,73,0x0,8,0x0,1,0,0x0,,,73,0,0,0,
350,88,0x0,8,0x0,0,0,0x0,,,88,0,0,0,
410,43,0x1,8,0x0,1,0,0x0,,,43,0,0,0,
412,310,0x0,8,0x0,1,0,0x0,,,310,0,0,0,
413,309,0x1,8,0x0,1,0,0x0,,,309,0,0,0,
414,576,0x1,8,0x0,1,65,0x0,,,576,0,0,0,
415,311,0x1,8,0x0,1,0,0x0,,,311,0,0,0,
416,311,0x0,8,0x0,0,0,0x0,,,0,0,0,0,
430,329,0x0,0,0x0,0,0,0x0,,,0,0,0,0,
450,229,0x21,8,0x0,1,40,0x0,,,229,0,0,0,
472,70,0x41,8,0x0,1,349,0x0,,,70,0,0,0,
475,369,0x1821,1,0x0,8,0,0x0,,,369,0,0,0,
494,389,0x20,8,0x0,1,53,0x0,,,389,0,0,0,
554,429,0x1,8,0x0,7,0,0x0,,,429,0,0,0,
637,470,0x1821,1,0x0,8,0,0x0,,,470,0,0,0,
795,572,0x1,8,0x0,1,0,0x0,,,572,0,0,0,
814,529,0x1,0,0x0,0,0,0x0,,,529,0,0,0,
855,577,0x0,0,0x0,0,0,0x0,,,577,0,0,0,
874,589,0x21,2,0x2,4,0,0x0,,,0,0,0,0,
914,576,0x1,8,0x0,1,0,0x0,,,576,0,0,0,
994,609,0x0,0,0x0,0,0,0x0,,,609,0,0,0,
996,609,0x821,1,0x0,8,0,0x0,,,609,0,0,0,
1,1,0x48,3,0x2,12,0,0x0,,,0,0,0,0,
3,3,0x48,3,0x2,12,0,0x0,,,0,0,0,0,
4,4,0x48,3,0x2,12,0,0x0,,,0,0,0,0,
5,5,0x48,5,0x4,10,0,0x0,,,0,0,0,0,
7,7,0x0,0,0x0,0,0,0x0,,,0,0,0,0,
10,40,0x808,3,0x2,0,0,0x0,,,0,0,0,0,
11,72,0x821,3,0x2,12,0,0x0,,,0,0,0,0,
14,14,0x0,8,0x0,1,0,0x0,,,0,0,0,0,
15,7,0x1,0,0x0,0,0,0x0,,,7,0,0,0,
16,14,0x1,8,0x0,1,0,0x0,,,14,0,0,0,
17,15,0x1,8,0x0,1,0,0x0,,,15,0,0,0,
18,19,0x1,8,0x0,1,0,0x0,,,19,0,0,0,
20,16,0x1,8,0x0,1,0,0x0,,,16,0,0,0,
21,20,0x1,8,0x0,1,0,0x0,,,20,0,0,0,
22,22,0x0,8,0x0,1,0,0x0,,,22,0,0,0,
24,24,0x1,8,0x0,1,0,0x0,,,24,0,0,0,
25,25,0x0,8,0x0,0,0,0x0,,,25,0,0,0,
26,25,0x1,8,0x0,1,0,0x0,,,25,0,0,0,
28,26,0x1,8,0x0,1,0,0x0,,,26,0,0,0,
29,76,0x0,4,0x4,2,0,0x0,,,0,0,0,0,
30,27,0x1,8,0x0,1,0,0x0,,,27,0,0,0,
31,28,0x400,0,0x0,0,0,0x0,,,148,28,0,0,
33,40,0x808,5,0x4,0,0,0x0,,,0,0,0,0,
34,15,0x1,8,0x0,0,0,0x0,,,15,0,0,0,
35,31,0x0,0,0x1,0,0,0x0,,,31,0,0,0,
36,32,0x401,0,0x0,0,0,0x0,,,32,0,0,0,
38,29,0x11,8,0x0,1,28,0x0,,,29,0,0,0,
40,34,0x1,8,0x0,1,0,0x0,,,34,0,0,0,
41,35,0x31,8,0x0,1,36,0x0,,,35,0,0,0,
44,37,0x1,8,0x0,1,0,0x0,,,37,0,0,0,
45,38,0x1,8,0x0,1,0,0x0,,,38,0,0,0,
46,39,0x1,8,0x0,1,0,0x0,,,39,0,0,0,
48,42,0x1,8,0x0,1,0,0x0,,,42,0,0,0,
49,43,0x0,8,0x0,1,0,0x0,,,43,0,0,0,
50,44,0x1,8,0x0,1,0,0x0,,,44,0,0,0,
53,49,0x0,2,0x2,12,0,0x0,,,49,0,0,0,
54,48,0x1,8,0x0,1,0,0x0,,,48,0,0,0,
57,47,0x821,3,0x2,12,0,0x0,,,0,0,0,0,
58,7,0x1,8,0x0,0,0,0x0,,,0,0,0,0,
59,32,0x1,8,0x0,1,0,0x0,,,32,0,0,0,
60,50,0x1,8,0x0,1,0,0x0,,,50,0,0,0,
63,53,0x1,8,0x0,1,0,0x0,,,53,0,0,0,
64,54,0x1,2,0x2,4,0,0x0,,,0,0,0,0,
66,55,0x11,8,0x0,1,28,0x0,,,55,0,0,0,
68,68,0x0,4,0x4,2,0,0x0,,,0,0,0,0,
69,470,0x0,0,0x0,0,0,0x0,,,470,0,0,0,
72,58,0x1,8,0x0,1,0,0x0,,,58,0,0,0,
73,59,0x1,8,0x0,1,0,0x0,,,59,0,0,0,
76,61,0x21,0,0x2,4,0,0x0,,,61,0,0,0,
77,62,0x0,8,0x0,0,0,0x0,,,0,0,0,0,
78,63,0x0,8,0x0,1,0,0x0,,,0,0,0,0,
80,69,0x0,2,0x2,4,0,0x0,,,69,0,0,0,
81,64,0x401,8,0x0,1,0,0x0,,,64,0,0,0,
82,65,0x1,8,0x0,1,0,0x0,,,65,0,0,0,
85,76,0x821,5,0x4,10,0,0x0,,,0,0,0,0,
86,46,0x0,4,0x4,2,0,0x0,,,46,0,0,0,
88,71,0x21,2,0x2,4,0,0x0,,,71,0,0,0,
91,74,0x0,8,0x0,1,0,0x0,,,74,0,0,0,
92,75,0x0,8,0x0,1,0,0x0,,,0,0,0,0,
93,14,0x8,8,0x0,1,0,0x0,,,0,0,0,0,
95,78,0x1,8,0x0,1,0,0x0,,,78,0,0,0,
97,70,0x40,8,0x0,0,79,0x0,,,70,0,0,0,
99,36,0x8,8,0x0,0,0,0x0,,,0,0,0,0,
100,77,0x20,0,0x0,9,0,0x0,,,0,0,0,0,
101,77,0x0,0,0x2,4,0,0x0,,,0,0,0,0,
102,77,0x0,0,0x4,2,0,0x0,,,0,0,0,0,
104,81,0x0,4,0x4,2,0,0x0,,,0,0,0,0,
105,81,0x821,5,0x4,10,0,0x0,,,0,0,0,0,
106,66,0x21,4,0x4,10,0,0x0,,,0,0,0,0,
107,33,0x0,8,0x0,1,0,0x0,,,0,0,0,0,
108,70,0x40,0,0x0,0,79,0x0,,,70,0,0,0,
109,110,0x1,8,0x0,1,0,0x0,,,110,111,0,0,
110,110,0x21,8,0x0,1,85,0x0,,,110,0,0,0,
111,85,0x1,8,0x0,1,0,0x0,,,85,111,0,0,
112,85,0x21,8,0x0,1,110,0x0,,,85,111,0,0,
113,40,0x808,1,0x1,0,0,0x0,,,0,0,0,0,
114,77,0x0,0,0x0,1,0,0x0,,,0,0,0,0,
115,8,0x48,3,0x2,12,0,0x0,,,0,0,0,0,
116,9,0x48,5,0x4,10,0,0x0,,,0,0,0,0,
118,68,0x21,4,0x4,2,0,0x0,,,0,0,0,0,
119,87,0x1,8,0x0,1,0,0x0,,,87,0,0,0,
120,21,0x0,0,0x0,0,0,0x0,,,21,0,0,0,
122,47,0x21,2,0x2,4,0,0x0,,,0,0,0,0,
123,72,0x21,2,0x2,4,0,0x0,,,0,0,0,0,
126,530,0x0,4,0x4,2,0,0x0,,,0,0,0,0,
128,88,0x1,8,0x0,1,0,0x0,,,88,0,0,0,
129,89,0x1,8,0x0,1,0,0x0,,,89,0,0,0,
130,90,0x1,8,0x0,1,0,0x0,,,90,0,0,0,
131,91,0x1,8,0x0,1,0,0x0,,,91,0,0,0,
132,92,0x1,8,0x0,1,0,0x0,,,92,0,0,0,
134,94,0x1,8,0x0,1,0,0x0,,,94,0,0,0,
149,108,0x401,2,0x2,0,0,0x0,,,0,0,0,0,
152,109,0x1,8,0x0,1,0,0x0,,,109,111,0,0,
153,109,0x0,8,0x0,0,0,0x0,,,109,111,0,0,
168,128,0x0,0,0x0,1,0,0x0,,,0,0,0,0,
188,148,0x401,0,0x8,0,0,0x0,,,148,28,0,0,
189,7,0x400,0,0x0,0,0,0x0,,,0,0,0,0,
190,148,0x0,0,0x0,0,0,0x0,,,0,0,0,0,
