long,long,long,long,long,long,long,long,long,None,None,None,None,long,None,None,flags,None,None,bool,flags,
26,41,0,1,11069,12338,12339,12340,12341,,,,,0,,,0x0,,,0,0x0,
30,41,0,2,11103,12357,12358,12359,12360,,,,,0,,,0x0,,,0,0x0,
34,41,1,0,11119,11120,12846,12847,12848,,,,,0,,,0x0,,,0,0x0,
27,41,1,2,11078,11080,12342,12343,12344,,,,,0,,,0x0,,,0,0x0,
28,41,1,3,11100,12353,0,0,0,,,,,0,,,0x0,,,0,0x0,
1141,41,2,0,18459,18460,0,0,0,,,,,0,,,0x0,,,0,0x0,
29,41,2,1,11366,0,0,0,0,,,,,26,,,0x4,,,1,0x0,
31,41,2,2,11108,12349,12350,0,0,,,,,0,,,0x0,,,0,0x0,
23,41,2,3,11083,12351,12352,0,0,,,,,0,,,0x0,,,0,0x0,
25,41,3,0,11095,12872,12873,12874,12875,,,,,0,,,0x0,,,0,0x0,
24,41,3,1,11094,13043,0,0,0,,,,,0,,,0x0,,,0,0x0,
33,41,4,1,11115,11367,11368,0,0,,,,,0,,,0x0,,,0,0x0,
32,41,4,2,11113,0,0,0,0,,,,,31,,,0x2,,,0,0x0,
35,41,5,1,11124,12378,12398,12399,12400,,,,,33,,,0x2,,,0,0x0,
36,41,6,1,11129,0,0,0,0,,,,,35,,,0x4,,,1,0x0,
37,61,0,1,11070,12473,16763,16765,16766,,,,,0,,,0x0,,,0,0x0,
65,61,0,2,11175,12569,12571,12570,12573,,,,,0,,,0x0,,,0,0x0,
73,61,1,0,11207,12672,15047,15052,15053,,,,,0,,,0x0,,,0,0x0,
68,61,1,1,11180,12579,12580,0,0,,,,,0,,,0x0,,,0,0x0,
62,61,1,2,11165,12475,12476,0,0,,,,,0,,,0x0,,,0,0x0,
61,61,2,0,11151,12952,12953,0,0,,,,,0,,,0x0,,,0,0x0,
69,61,2,1,12472,0,0,0,0,,,,,0,,,0x0,,,1,0x0,
63,61,2,3,11185,12487,12488,0,0,,,,,0,,,0x0,,,0,0x0,
741,61,3,0,16757,16758,0,0,0,,,,,0,,,0x0,,,0,0x0,
66,61,3,1,11160,12518,12519,0,0,,,,,69,,,0x0,,,0,0x0,
67,61,3,2,11170,12982,12983,12984,12985,,,,,62,,,0x2,,,0,0x0,
70,61,3,3,11189,0,0,0,0,,,,,0,,,0x0,,,0,0x0,
72,61,4,1,11958,0,0,0,0,,,,,0,,,0x0,,,1,0x0,
64,61,4,2,11190,12489,12490,0,0,,,,,0,,,0x0,,,0,0x0,
38,61,5,2,11071,12496,12497,12498,12499,,,,,0,,,0x0,,,0,0x0,
71,61,6,1,11426,0,0,0,0,,,,,72,,,0x0,,,1,0x0,
74,81,0,0,11210,12592,12593,0,0,,,,,0,,,0x0,,,0,0x0,
76,81,0,1,11222,12839,12840,12841,12842,,,,,0,,,0x0,,,0,0x0,
80,81,0,2,11237,12463,12464,16769,16770,,,,,0,,,0x0,,,0,0x0,
78,81,1,1,6057,6085,6086,6087,6088,,,,,0,,,0x0,,,0,0x0,
75,81,1,2,11213,12574,12575,12576,12577,,,,,0,,,0x0,,,0,0x0,
82,81,2,0,11247,12606,0,0,0,,,,,0,,,0x0,,,0,0x0,
81,81,2,1,11242,12467,12469,18467,18468,,,,,0,,,0x0,,,0,0x0,
85,81,2,2,12051,0,0,0,0,,,,,0,,,0x0,,,1,0x0,
83,81,3,0,11252,12605,0,0,0,,,,,0,,,0x0,,,0,0x0,
88,81,3,1,11255,12598,0,0,0,,,,,0,,,0x0,,,0,0x0,
1142,81,3,3,18462,18463,18464,18465,18466,,,,,85,,,0x0,,,0,0x0,
86,81,4,1,12043,0,0,0,0,,,,,0,,,0x0,,,1,0x0,
77,81,4,2,11232,12500,12501,12502,0,,,,,85,,,0x0,,,0,0x0,
421,81,5,1,15058,15059,15060,0,0,,,,,86,,,0x0,,,0,0x0,
87,81,6,1,12042,0,0,0,0,,,,,421,,,0x2,,,1,0x0,
124,161,0,0,12282,12663,12664,0,0,,,,,0,,,0x0,,,0,0x0,
130,161,0,1,16462,16463,16464,16465,16466,,,,,0,,,0x0,,,0,0x0,
127,161,0,2,12286,12658,12659,0,0,,,,,0,,,0x0,,,0,0x0,
126,161,1,0,12285,12697,0,0,0,,,,,0,,,0x0,,,0,0x0,
641,161,1,1,12295,12676,12677,12678,12679,,,,,0,,,0x0,,,0,0x0,
128,161,1,3,12287,12665,12666,0,0,,,,,0,,,0x0,,,0,0x0,
131,161,2,0,12290,12963,0,0,0,,,,,0,,,0x0,,,0,0x0,
137,161,2,1,12296,0,0,0,0,,,,,641,,,0x4,,,1,0x0,
121,161,2,2,12834,12849,12867,0,0,,,,,127,,,0x2,,,0,0x0,
136,161,3,1,12163,12711,12712,12713,12714,,,,,0,,,0x0,,,0,0x0,
662,161,3,2,16493,16494,0,0,0,,,,,121,,,0x2,,,0,0x0,
132,161,4,0,12700,12781,12783,12784,12785,,,,,0,,,0x0,,,0,0x0,
123,161,4,1,12281,12812,12813,12814,12815,,,,,0,,,0x0,,,0,0x0,
125,161,4,2,12284,12701,12702,12703,12704,,,,,0,,,0x0,,,0,0x0,
133,161,4,3,12292,0,0,0,0,,,,,0,,,0x0,,,0,0x0,
134,161,5,1,12165,12830,12831,12832,12833,,,,,0,,,0x0,,,0,0x0,
129,161,5,2,12289,12668,0,0,0,,,,,0,,,0x0,,,0,0x0,
135,161,6,1,12294,0,0,0,0,,,,,0,,,0x0,,,1,0x0,
138,163,0,1,12297,12750,12751,12752,12753,,,,,0,,,0x0,,,0,0x0,
139,163,0,2,12298,12724,12725,12726,12727,,,,,0,,,0x0,,,0,0x0,
142,163,1,0,12301,12819,12818,0,0,,,,,0,,,0x0,,,0,0x0,
140,163,1,1,12299,12761,12762,12763,12764,,,,,0,,,0x0,,,0,0x0,
141,163,1,3,12300,12959,12960,12961,12962,,,,,0,,,0x0,,,0,0x0,
153,163,2,0,12975,0,0,0,0,,,,,142,,,0x2,,,1,0x0,
147,163,2,1,12797,12799,12800,0,0,,,,,0,,,0x0,,,0,0x0,
143,163,2,3,12302,12765,0,0,0,,,,,0,,,0x0,,,0,0x0,
146,163,3,0,12308,12810,12811,0,0,,,,,0,,,0x0,,,0,0x0,
145,163,3,2,12945,12307,12944,0,0,,,,,139,,,0x4,,,0,0x0,
144,163,3,3,12303,12788,12789,12791,12792,,,,,143,,,0x1,,,0,0x0,
149,163,4,0,12311,12958,0,0,0,,,,,0,,,0x0,,,0,0x0,
152,163,4,1,12809,0,0,0,0,,,,,147,,,0x2,,,1,0x0,
150,163,4,2,12312,12803,0,0,0,,,,,145,,,0x2,,,0,0x0,
151,163,5,1,12313,12804,12807,0,0,,,,,0,,,0x0,,,0,0x0,
702,163,5,2,16538,16539,16540,16541,16542,,,,,0,,,0x0,,,0,0x0,
148,163,6,1,12310,0,0,0,0,,,,,0,,,0x0,,,1,0x0,
154,164,0,1,12318,12857,12858,12860,12861,,,,,0,,,0x0,,,0,0x1A11,
157,164,0,2,12320,12852,12853,12855,12856,,,,,0,,,0x0,,,0,0x0,
158,164,1,0,12321,12835,12836,12837,12838,,,,,0,,,0x0,,,0,0x0,
161,164,1,1,12324,12876,12877,12878,12879,,,,,0,,,0x0,,,0,0x0,
159,164,1,2,12322,12999,13000,13001,13002,,,,,0,,,0x0,,,0,0x0,
160,164,2,1,12323,0,0,0,0,,,,,161,,,0x4,,,1,0x0,
155,164,2,2,12317,13045,13046,13047,13048,,,,,0,,,0x0,,,0,0x0,
163,164,3,1,12326,13058,13059,0,0,,,,,0,,,0x0,,,0,0x0,
162,164,3,3,12325,12863,12864,0,0,,,,,0,,,0x0,,,0,0x0,
168,164,4,0,12862,12330,0,0,0,,,,,0,,,0x0,,,0,0x0,
165,164,4,1,12328,0,0,0,0,,,,,0,,,0x0,,,1,0x0,
661,164,4,2,16487,16489,16492,0,0,,,,,155,,,0x4,,,0,0x0,
166,164,4,3,12329,12950,0,0,0,,,,,0,,,0x0,,,0,0x0,
164,164,5,0,12327,12886,0,0,0,,,,,0,,,0x0,,,0,0x0,
156,164,5,2,12319,12971,12972,12973,12974,,,,,0,,,0x0,,,0,0x0,
167,164,6,1,13078,0,0,0,0,,,,,165,,,0x0,,,1,0x0,
203,181,0,0,13741,13793,13792,0,0,,,,,0,,,0x0,,,0,0x0,
201,181,0,1,13732,13863,0,0,0,,,,,0,,,0x0,,,0,0x0,
186,181,0,2,13712,13788,13789,13790,13791,,,,,0,,,0x0,,,0,0x0,
202,181,1,0,13733,13865,13866,0,0,,,,,0,,,0x0,,,0,0x0,
187,181,1,1,13713,13853,13854,13855,13856,,,,,0,,,0x0,,,0,0x0,
181,181,1,2,13705,13832,13843,13844,13845,,,,,0,,,0x0,,,0,0x0,
204,181,2,0,13742,13872,0,0,0,,,,,0,,,0x0,,,0,0x0,
301,181,2,1,14251,0,0,0,0,,,,,187,,,0x4,,,1,0x0,
222,181,2,3,13743,13875,13876,0,0,,,,,0,,,0x0,,,0,0x0,
206,181,3,0,13754,13867,0,0,0,,,,,0,,,0x0,,,0,0x0,
182,181,3,1,13706,13804,13805,13806,13807,,,,,0,,,0x0,,,0,0x0,
221,181,3,2,13715,13848,13849,13851,13852,,,,,181,,,0x4,,,0,0x0,
184,181,4,0,13709,13800,13801,13802,13803,,,,,0,,,0x0,,,0,0x0,
223,181,4,1,13877,0,0,0,0,,,,,0,,,0x0,,,1,0x0,
242,181,4,2,13960,13961,13962,13963,13964,,,,,0,,,0x0,,,0,0x0,
183,181,4,3,13707,13966,13967,13968,13969,,,,,0,,,0x0,,,0,0x0,
185,181,5,1,13710,13859,0,0,0,,,,,0,,,0x0,,,0,0x0,
1122,181,5,2,18427,18428,18429,0,0,,,,,0,,,0x0,,,0,0x0,
205,181,6,1,13750,0,0,0,0,,,,,0,,,0x0,,,1,0x0,
276,182,0,0,14162,14163,14164,0,0,,,,,0,,,0x0,,,0,0x0,
272,182,0,1,14144,14148,14150,14152,14154,,,,,0,,,0x0,,,0,0x0,
270,182,0,2,14138,14139,14140,14141,14142,,,,,0,,,0x0,,,0,0x0,
273,182,1,0,14156,14160,14161,0,0,,,,,0,,,0x0,,,0,0x0,
274,182,1,1,14158,14159,0,0,0,,,,,0,,,0x0,,,0,0x0,
277,182,1,3,14165,14166,14167,0,0,,,,,0,,,0x0,,,0,0x0,
281,182,2,0,14179,0,0,0,0,,,,,273,,,0x2,,,1,0x0,
278,182,2,1,14168,14169,14170,0,0,,,,,0,,,0x0,,,0,0x0,
269,182,2,2,14128,14132,14135,14136,14137,,,,,270,,,0x4,,,0,0x0,
682,182,3,1,16513,16514,16515,16719,16720,,,,,0,,,0x0,,,0,0x0,
268,182,3,2,14113,14114,14115,14116,14117,,,,,0,,,0x0,,,0,0x0,
279,182,4,0,14174,14175,14176,0,0,,,,,0,,,0x0,,,0,0x0,
280,182,4,1,14177,0,0,0,0,,,,,0,,,0x0,,,1,0x0,
302,182,4,2,14255,14256,14257,14258,14259,,,,,0,,,0x0,,,0,0x0,
283,182,5,1,14186,14190,14193,14194,14195,,,,,280,,,0x0,,,0,0x0,
382,182,6,1,14983,0,0,0,0,,,,,0,,,0x0,,,0,0x0,
243,183,0,0,13974,14058,14059,14060,14061,,,,,0,,,0x0,,,0,0x0,
241,183,0,1,13958,13970,13971,13972,13973,,,,,0,,,0x0,,,0,0x0,
244,183,0,2,13975,14062,14063,14064,14065,,,,,0,,,0x0,,,0,0x0,
247,183,1,1,13981,14066,14067,14068,14069,,,,,0,,,0x0,,,0,0x0,
261,183,1,2,14057,14072,14073,14074,14075,,,,,0,,,0x0,,,0,0x0,
245,183,2,0,13976,13979,13980,16503,16504,,,,,0,,,0x0,,,0,0x0,
303,183,2,1,14278,0,0,0,0,,,,,0,,,0x0,,,1,0x0,
264,183,2,2,14077,14078,0,0,0,,,,,261,,,0x4,,,0,0x0,
263,183,2,3,14079,14080,14081,0,0,,,,,261,,,0x4,,,0,0x0,
267,183,3,0,14088,14091,14092,0,0,,,,,0,,,0x0,,,0,0x0,
1123,183,3,2,14171,14172,14173,0,0,,,,,0,,,0x0,,,0,0x0,
262,183,3,3,14076,14094,14095,0,0,,,,,0,,,0x0,,,0,0x0,
284,183,4,0,14185,0,0,0,0,,,,,0,,,0x0,,,1,0x0,
265,183,4,2,14082,14083,0,0,0,,,,,0,,,0x0,,,0,0x0,
266,183,4,3,14084,14085,0,0,0,,,,,0,,,0x0,,,0,0x0,
246,183,5,1,13983,14070,14071,0,0,,,,,303,,,0x0,,,0,0x0,
681,183,5,2,16511,0,0,0,0,,,,,0,,,0x0,,,1,0x0,
381,183,6,1,14183,0,0,0,0,,,,,0,,,0x0,,,1,0x0,
342,201,0,1,14522,14788,14789,14790,14791,,,,,0,,,0x0,,,0,0x0,
352,201,0,2,14523,14784,14785,14786,14787,,,,,0,,,0x0,,,0,0x0,
345,201,1,0,14524,14525,14526,14527,14528,,,,,0,,,0x0,,,0,0x0,
321,201,1,1,14531,14774,0,0,0,,,,,0,,,0x0,,,0,0x0,
343,201,1,2,14748,14768,14769,0,0,,,,,0,,,0x0,,,0,0x0,
344,201,1,3,14749,14767,0,0,0,,,,,0,,,0x0,,,0,0x0,
322,201,2,1,14529,0,0,0,0,,,,,321,,,0x1,,,1,0x0,
341,201,2,2,14520,14780,14781,14782,14783,,,,,0,,,0x0,,,0,0x0,
346,201,3,0,14747,14770,14771,0,0,,,,,0,,,0x0,,,0,0x0,
1201,201,3,1,18551,18552,18553,18554,18555,,,,,0,,,0x0,,,0,0x0,
350,201,3,3,14750,14772,0,0,0,,,,,0,,,0x0,,,0,0x0,
347,201,4,1,14521,14776,14777,14778,14779,,,,,0,,,0x0,,,0,0x0,
348,201,4,2,14751,0,0,0,0,,,,,341,,,0x4,,,1,0x0,
1202,201,5,2,18544,18547,18548,18549,18550,,,,,0,,,0x0,,,0,0x0,
351,201,6,1,14752,0,0,0,0,,,,,347,,,0x4,,,1,0x0,
401,202,0,1,14889,15008,15009,15010,15011,,,,,0,,,0x0,,,0,0x0,
403,202,0,2,14909,15017,15509,0,0,,,,,0,,,0x0,,,0,0x0,
404,202,1,1,14898,15349,15354,15355,15356,,,,,0,,,0x0,,,0,0x0,
361,202,1,2,14892,15362,15363,15364,15365,,,,,0,,,0x0,,,0,0x0,
405,202,2,0,14905,15034,0,0,0,,,,,0,,,0x0,,,0,0x0,
406,202,2,1,14908,15020,17191,17192,17193,,,,,0,,,0x0,,,0,0x0,
402,202,2,2,14901,15028,15029,15030,15031,,,,,0,,,0x0,,,0,0x0,
407,202,2,3,14914,0,0,0,0,,,,,0,,,0x0,,,1,0x0,
408,202,3,1,14912,15013,15014,15015,15016,,,,,0,,,0x0,,,0,0x0,
410,202,3,2,14913,15012,0,0,0,,,,,0,,,0x0,,,0,0x0,
441,202,4,0,15227,0,0,0,0,,,,,405,,,0x1,,,1,0x0,
413,202,4,2,14911,15018,0,0,0,,,,,0,,,0x0,,,0,0x0,
1181,202,4,3,18530,18531,18533,18534,18535,,,,,407,,,0x0,,,0,0x0,
411,202,5,1,14904,15024,15025,15026,15027,,,,,408,,,0x4,,,0,0x0,
442,202,6,1,15237,0,0,0,0,,,,,0,,,0x0,,,1,0x0,
465,203,0,1,15270,15335,15336,15337,15338,,,,,0,,,0x0,,,0,0x0,
464,203,0,2,15268,15323,15324,15325,15326,,,,,0,,,0x0,,,0,0x0,
466,203,1,0,15318,15272,15320,15321,15322,,,,,0,,,0x0,,,0,0x0,
482,203,1,1,15275,15317,0,0,0,,,,,0,,,0x0,,,0,0x0,
463,203,1,2,15260,15327,15328,15329,15330,,,,,0,,,0x0,,,0,0x0,
542,203,2,0,15392,15448,0,0,0,,,,,0,,,0x0,,,0,0x0,
481,203,2,1,15273,15312,15313,15314,15316,,,,,0,,,0x0,,,0,0x0,
501,203,2,2,15407,0,0,0,0,,,,,0,,,0x0,,,1,0x0,
483,203,3,1,15274,15311,0,0,0,,,,,0,,,0x0,,,0,0x0,
881,203,3,3,17322,17323,17325,0,0,,,,,0,,,0x0,,,0,0x0,
541,203,4,0,15487,0,0,0,0,,,,,542,,,0x1,,,1,0x0,
461,203,4,1,15257,15331,15332,15333,15334,,,,,0,,,0x0,,,0,0x0,
484,203,4,2,15286,0,0,0,0,,,,,501,,,0x0,,,0,0x0,
462,203,5,1,15259,15307,15308,15309,15310,,,,,461,,,0x4,,,0,0x0,
521,203,6,1,15473,0,0,0,0,,,,,0,,,0x0,,,1,0x0,
568,261,0,1,16036,16156,16157,16158,16159,,,,,0,,,0x0,,,0,0x0,
563,261,0,2,16035,16105,16106,16107,16108,,,,,0,,,0x0,,,0,0x0,
572,261,1,0,16043,16130,16131,16132,16133,,,,,0,,,0x0,,,0,0x0,
561,261,1,1,16038,16160,16161,16162,16163,,,,,0,,,0x0,,,0,0x0,
564,261,1,2,16039,16109,16110,16111,16112,,,,,563,,,0x4,,,0,0x0,
571,261,1,3,16085,16127,0,0,0,,,,,0,,,0x0,,,0,0x0,
574,261,2,0,16164,0,0,0,0,,,,,0,,,0x0,,,1,0x0,
562,261,2,1,16041,16117,16118,16119,16120,,,,,0,,,0x0,,,0,0x0,
575,261,2,2,16040,16113,16114,16115,16116,,,,,564,,,0x4,,,0,0x0,
567,261,3,2,16086,16544,0,0,0,,,,,0,,,0x0,,,0,0x0,
565,261,4,1,16089,0,0,0,0,,,,,562,,,0x4,,,0,0x0,
569,261,4,2,16088,16129,0,0,0,,,,,0,,,0x0,,,0,0x0,
721,261,5,0,16578,16579,16580,16581,16582,,,,,0,,,0x0,,,0,0x0,
566,261,5,2,16090,16123,0,0,0,,,,,0,,,0x0,,,0,0x0,
573,261,6,1,16166,0,0,0,0,,,,,565,,,0x0,,,1,0x0,
586,262,0,1,16182,16226,16227,16228,16229,,,,,0,,,0x0,,,0,0x0,
593,262,0,2,16179,16214,16215,16216,16217,,,,,0,,,0x0,,,0,0x0,
589,262,1,0,16184,16209,0,0,0,,,,,0,,,0x0,,,0,0x0,
581,262,1,1,16176,16235,16240,16241,16242,,,,,0,,,0x0,,,0,0x0,
595,262,1,2,16173,16222,16223,16224,16225,,,,,0,,,0x0,,,0,0x0,
583,262,2,1,16180,16196,16198,16199,16200,,,,,0,,,0x0,,,0,0x0,
582,262,2,2,16189,0,0,0,0,,,,,0,,,0x0,,,0,0x0,
587,262,2,3,16181,16230,16232,16233,16234,,,,,0,,,0x0,,,0,0x0,
585,262,3,0,16185,16201,16202,16203,16204,,,,,583,,,0x4,,,0,0x0,
594,262,3,2,16194,16218,16219,16220,16221,,,,,0,,,0x0,,,0,0x0,
588,262,4,1,16187,16205,16206,16207,16208,,,,,583,,,0x4,,,0,0x0,
591,262,4,2,16188,0,0,0,0,,,,,594,,,0x4,,,1,0x0,
592,262,5,2,16178,16210,16211,16212,16213,,,,,0,,,0x0,,,0,0x0,
590,262,6,1,16190,0,0,0,0,,,,,588,,,0x4,,,1,0x0,
614,263,0,1,17485,17486,17487,17488,17489,,,,,0,,,0x0,,,0,0x0,
612,263,0,2,16253,16298,16299,16300,16301,,,,,0,,,0x0,,,0,0x0,
609,263,1,0,16258,16293,16294,0,0,,,,,0,,,0x0,,,0,0x0,
613,263,1,1,16255,16302,16303,16304,16305,,,,,0,,,0x0,,,0,0x0,
605,263,1,2,16262,16287,0,0,0,,,,,0,,,0x0,,,0,0x0,
607,263,1,3,16261,16290,16291,0,0,,,,,0,,,0x0,,,0,0x0,
610,263,2,0,16259,16295,16296,0,0,,,,,0,,,0x0,,,0,0x0,
617,263,2,2,16269,0,0,0,0,,,,,0,,,0x0,,,0,0x0,
601,263,2,3,16254,16271,16272,16273,16274,,,,,0,,,0x0,,,0,0x0,
602,263,3,1,16256,16281,16282,16283,16284,,,,,613,,,0x4,,,0,0x0,
608,263,3,2,16265,16292,0,0,0,,,,,0,,,0x0,,,0,0x0,
603,263,4,0,16263,16285,0,0,0,,,,,0,,,0x0,,,0,0x0,
616,263,4,1,16268,0,0,0,0,,,,,0,,,0x0,,,0,0x0,
604,263,4,2,16264,16286,0,0,0,,,,,0,,,0x0,,,0,0x0,
611,263,4,3,16266,16297,0,0,0,,,,,0,,,0x0,,,0,0x0,
615,263,5,1,16252,16306,16307,16308,16309,,,,,616,,,0x0,,,0,0x0,
703,263,5,2,16546,16547,0,0,0,,,,,0,,,0x0,,,0,0x0,
901,263,6,1,17364,0,0,0,0,,,,,0,,,0x0,,,1,0x0,
606,263,6,2,16260,16288,16289,0,0,,,,,0,,,0x0,,,0,0x0,
796,281,0,1,16934,16935,16936,16937,16938,,,,,0,,,0x0,,,0,0x0,
795,281,0,2,16858,16859,16860,16861,16862,,,,,0,,,0x0,,,0,0x0,
797,281,1,1,16940,16941,0,0,0,,,,,0,,,0x0,,,0,0x0,
798,281,1,2,16942,16943,16944,16945,16946,,,,,0,,,0x0,,,0,0x0,
799,281,2,0,16947,16948,16949,16950,16951,,,,,0,,,0x0,,,0,0x0,
804,281,2,1,16979,0,0,0,0,,,,,0,,,0x0,,,1,0x0,
800,281,2,2,16952,16954,16955,16956,16957,,,,,798,,,0x4,,,0,0x0,
801,281,2,3,16958,16961,16962,16963,16964,,,,,798,,,0x4,,,0,0x0,
802,281,3,0,16966,16968,0,0,0,,,,,0,,,0x0,,,0,0x0,
803,281,3,1,16972,16974,16975,16976,16977,,,,,0,,,0x0,,,0,0x0,
1162,281,3,2,16857,0,0,0,0,,,,,0,,,0x0,,,1,0x0,
1161,281,3,3,16855,0,0,0,0,,,,,0,,,0x0,,,1,0x0,
794,281,4,0,16929,16930,16931,16932,16933,,,,,0,,,0x0,,,0,0x0,
807,281,4,2,17002,0,0,0,0,,,,,0,,,0x0,,,0,0x0,
808,281,5,1,17003,17004,17005,17006,0,,,,,803,,,0x4,,,0,0x0,
805,281,5,2,16998,16999,0,0,0,,,,,0,,,0x0,,,0,0x0,
809,281,6,1,17007,0,0,0,0,,,,,0,,,0x0,,,0,0x0,
806,281,6,2,17000,17001,0,0,0,,,,,0,,,0x0,,,0,0x0,
821,282,0,1,17050,17051,17053,17054,17055,,,,,0,,,0x0,,,0,0x0,
822,282,0,2,17056,17058,17059,17060,17061,,,,,0,,,0x0,,,0,0x0,
823,282,1,0,17063,17065,17066,17067,17068,,,,,0,,,0x0,,,0,0x0,
824,282,1,1,17069,17070,17071,17072,17073,,,,,0,,,0x0,,,0,0x0,
826,282,1,2,17079,17082,0,0,0,,,,,822,,,0x4,,,0,0x0,
843,282,2,1,17427,17428,17429,17430,17431,,,,,0,,,0x0,,,0,0x0,
828,282,2,2,17104,0,0,0,0,,,,,0,,,0x0,,,0,0x0,
827,282,2,3,17098,17100,17101,17102,17103,,,,,0,,,0x0,,,0,0x0,
829,282,3,1,17106,17107,17108,17109,17110,,,,,0,,,0x0,,,0,0x0,
830,282,3,3,17111,17112,17113,17114,17115,,,,,0,,,0x0,,,0,0x0,
831,282,4,0,17116,0,0,0,0,,,,,823,,,0x4,,,1,0x0,
841,282,4,2,17118,17119,17120,17121,17122,,,,,828,,,0x0,,,0,0x0,
842,282,4,3,17123,17124,0,0,0,,,,,0,,,0x0,,,0,0x0,
825,282,5,2,17074,17075,17076,17077,17078,,,,,0,,,0x0,,,0,0x0,
844,282,6,1,18562,0,0,0,0,,,,,829,,,0x4,,,1,0x0,
762,283,0,0,16814,16815,16816,16817,16818,,,,,0,,,0x0,,,0,0x0,
761,283,0,1,16689,0,0,0,0,,,,,0,,,0x0,,,1,0x0,
921,283,0,2,17245,17247,17248,17249,0,,,,,761,,,0x0,,,0,0x0,
787,283,1,0,16918,16919,16920,0,0,,,,,0,,,0x0,,,0,0x0,
763,283,1,1,16821,16822,16823,16824,16825,,,,,0,,,0x0,,,0,0x0,
764,283,1,2,16819,16820,0,0,0,,,,,0,,,0x0,,,0,0x0,
781,283,1,3,16833,16834,16835,0,0,,,,,0,,,0x0,,,0,0x0,
784,283,2,0,16850,16923,16924,16925,16926,,,,,0,,,0x0,,,0,0x0,
788,283,2,2,16864,0,0,0,0,,,,,0,,,0x0,,,1,0x0,
782,283,3,0,16836,16839,16840,16841,16842,,,,,0,,,0x0,,,0,0x0,
783,283,3,1,16845,16846,16847,16848,16849,,,,,763,,,0x4,,,0,0x0,
790,283,4,0,16896,16897,16899,16900,16901,,,,,0,,,0x0,,,0,0x0,
789,283,4,1,16880,0,0,0,0,,,,,0,,,0x0,,,0,0x0,
791,283,4,2,16902,16903,16904,16905,16906,,,,,788,,,0x0,,,0,0x0,
792,283,5,1,16909,16910,16911,16912,16913,,,,,789,,,0x0,,,0,0x0,
793,283,6,1,16914,0,0,0,0,,,,,0,,,0x0,,,1,0x0,
944,301,0,1,17793,17796,17801,17802,17803,,,,,0,,,0x0,,,0,0x0,
941,301,0,2,17778,17779,17780,17781,17782,,,,,0,,,0x0,,,0,0x0,
943,301,1,1,17788,17789,17790,17791,17792,,,,,0,,,0x0,,,0,0x0,
982,301,1,2,18119,18120,18121,18122,18123,,,,,0,,,0x0,,,0,0x0,
983,301,2,0,18126,18127,0,0,0,,,,,0,,,0x0,,,0,0x0,
984,301,2,1,18128,18129,0,0,0,,,,,0,,,0x0,,,0,0x0,
981,301,2,2,18130,18131,18132,18133,18134,,,,,0,,,0x0,,,0,0x0,
963,301,2,3,17877,0,0,0,0,,,,,0,,,0x0,,,1,0x0,
985,301,3,0,18135,18136,0,0,0,,,,,0,,,0x0,,,0,0x0,
964,301,3,1,17917,17918,0,0,0,,,,,0,,,0x0,,,0,0x0,
965,301,3,3,17927,17929,17930,17931,17932,,,,,0,,,0x0,,,0,0x0,
986,301,4,0,18096,18073,0,0,0,,,,,985,,,0x1,,,0,0x0,
961,301,4,1,17815,17833,17834,17835,17836,,,,,0,,,0x0,,,0,0x0,
967,301,4,2,17959,0,0,0,0,,,,,981,,,0x4,,,0,0x0,
966,301,5,2,17954,17955,17956,17957,17958,,,,,0,,,0x0,,,0,0x0,
968,301,6,1,17962,0,0,0,0,,,,,961,,,0x4,,,1,0x0,
1005,302,0,1,18174,18175,18176,18177,18178,,,,,0,,,0x0,,,0,0x0,
1003,302,0,2,17810,17811,17812,17813,17814,,,,,0,,,0x0,,,0,0x0,
1006,302,1,0,18179,18180,18181,0,0,,,,,0,,,0x0,,,0,0x0,
1101,302,1,1,18213,18372,0,0,0,,,,,0,,,0x0,,,0,0x0,
1007,302,1,2,18182,18183,0,0,0,,,,,0,,,0x0,,,0,0x0,
1004,302,1,3,17804,17805,17806,17807,17808,,,,,0,,,0x0,,,0,0x0,
1284,302,2,0,18827,18829,18830,0,0,,,,,0,,,0x0,,,0,0x0,
1001,302,2,1,17783,17784,17785,17786,17787,,,,,0,,,0x0,,,0,0x0,
1061,302,2,2,18288,0,0,0,0,,,,,0,,,0x0,,,1,0x0,
1021,302,3,0,18218,18219,0,0,0,,,,,0,,,0x0,,,0,0x0,
1002,302,3,1,18094,18095,0,0,0,,,,,0,,,0x0,,,0,0x0,
1121,302,3,3,17864,18393,0,0,0,,,,,0,,,0x0,,,0,0x0,
1041,302,4,1,18265,0,0,0,0,,,,,0,,,0x0,,,1,0x0,
1081,302,4,2,18223,0,0,0,0,,,,,1061,,,0x0,,,1,0x0,
1082,302,4,3,18310,18311,18312,18313,0,,,,,1081,,,0x0,,,0,0x0,
1042,302,5,1,18271,18272,18273,18274,18275,,,,,1041,,,0x0,,,0,0x0,
1022,302,6,1,18220,0,0,0,0,,,,,0,,,0x0,,,1,0x0,
1221,303,0,0,18692,18693,0,0,0,,,,,0,,,0x0,,,0,0x0,
1222,303,0,1,18694,18695,18696,0,0,,,,,0,,,0x0,,,0,0x0,
1223,303,0,2,18697,18698,18699,18700,18701,,,,,0,,,0x0,,,0,0x0,
1224,303,1,0,18703,18704,0,0,0,,,,,0,,,0x0,,,0,0x0,
1225,303,1,1,18705,18706,18707,0,0,,,,,0,,,0x0,,,0,0x0,
1242,303,1,2,18731,18743,18744,18745,18746,,,,,0,,,0x0,,,0,0x0,
1243,303,2,0,18754,18755,18756,0,0,,,,,0,,,0x0,,,0,0x0,
1226,303,2,1,18708,0,0,0,0,,,,,0,,,0x0,,,1,0x0,
1241,303,2,2,18748,18749,18750,18751,18752,,,,,1242,,,0x4,,,0,0x0,
1227,303,3,1,18709,18710,0,0,0,,,,,1226,,,0x0,,,0,0x0,
1244,303,3,3,18757,18758,0,0,0,,,,,0,,,0x0,,,0,0x0,
1283,303,4,0,18821,18822,18823,18824,18825,,,,,0,,,0x0,,,0,0x0,
1281,303,4,1,18788,0,0,0,0,,,,,0,,,0x0,,,0,0x0,
1261,303,4,3,18767,18768,0,0,0,,,,,0,,,0x0,,,0,0x0,
1262,303,5,2,18769,18770,18771,18772,18773,,,,,1241,,,0x4,,,0,0x0,
1282,303,6,1,18814,0,0,0,0,,,,,1281,,,0x0,,,1,0x0,
1263,303,6,2,18774,18775,0,0,0,,,,,0,,,0x0,,,0,0x0,
