long,long,long,long,flags,None,None,None,str,long,long,long,long,long,long,long,long,
84,41,736,0,0x0,,,,"BANETHILHOLLOW",160,210,382,281,305,420,460,510,
85,41,1657,0,0x0,,,,"DARNASSUS",315,256,101,247,290,200,480,350,
87,41,261,0,0x0,,,,"GNARLPINEHOLD",185,128,368,443,465,400,535,480,
88,41,259,0,0x0,,,,"LAKEALAMETH",256,185,436,380,425,495,525,660,
89,41,478,0,0x0,,,,"POOLSOFARLITHRIEN",128,190,335,313,380,375,470,435,
90,41,702,0,0x0,,,,"RUTTHERANVILLAGE",128,100,494,548,600,550,615,565,
91,41,188,0,0x0,,,,"SHADOWGLEN",225,225,491,153,205,535,330,660,
101,27,133,0,0x0,,,,"GNOMERAGON",180,165,166,184,215,205,295,280,
102,27,211,0,0x0,,,,"ICEFLOWLAKE",128,180,281,167,195,315,320,385,
106,27,806,0,0x0,,,,"SOUTHERNGATEOUTPOST",128,120,792,279,305,825,375,885,
114,27,136,0,0x0,,,,"THEGRIZZLEDDEN",200,185,314,311,350,380,425,440,
123,30,60,120,0x0,,,,"FORESTSEDGE",256,341,124,327,445,200,645,300,
124,30,57,63,0x40,,,,"FARGODEEPMINE",256,240,238,428,510,300,615,470,
126,30,797,0,0x0,,,,"JERODSLANDING",256,237,425,431,495,460,615,615,
127,30,91,54,0x0,,,,"TOWEROFAZORA",255,250,551,292,400,610,490,745,
128,30,62,0,0x0,,,,"BRACKWELLPUMPKINPATCH",256,249,577,419,495,615,565,735,
130,30,798,0,0x0,,,,"RIDGEPOINTTOWER",306,233,696,435,505,790,570,915,
161,27,132,77,0x0,,,,"ANVILMAR",240,185,155,403,445,190,560,340,
198,9,397,0,0x0,,,,"THUNDERHORNWATERWELL",128,155,379,242,270,415,340,480,
222,20,812,0,0x0,,,,"VENOMWEBVALE",237,214,757,205,240,777,408,970,
223,20,160,161,0x0,,,,"MONASTARY",211,189,746,125,144,766,295,933,
246,4,366,0,0x0,,,,"KOLKARCRAG",160,120,413,476,500,460,560,520,
252,4,362,0,0x0,,,,"RAZORHILL",220,230,432,170,245,500,325,595,
254,4,816,0,0x0,,,,"RAZORMANEGROUNDS",230,230,301,189,230,350,350,475,
256,4,369,0,0x0,,,,"THUNDERRIDGE",190,200,327,60,105,355,220,460,
258,4,370,410,0x0,,,,"DRYGULCHRAVINE",210,160,427,78,120,475,210,575,
260,4,817,0,0x0,,,,"SKULLROCK",128,110,464,33,55,500,105,575,
262,4,1637,0,0x0,,,,"ORGRIMMAR",445,160,244,0,10,355,60,585,
291,39,921,0,0x0,,,,"DEMONTSPLACE",200,185,208,375,420,260,510,365,
292,39,115,0,0x0,,,,"WESTFALLLIGHTHOUSE",280,190,205,467,530,260,620,380,
293,39,920,0,0x0,,,,"THEDAGGERHILLS",256,175,339,418,490,380,565,560,
294,39,922,0,0x0,,,,"THEDUSTPLAINS",288,235,523,377,450,560,520,710,
301,21,238,239,0x0,,,,"MALDENSORCHARD",256,160,465,0,50,535,90,600,
302,21,927,227,0x0,,,,"THESHININGSTRAND",256,220,459,13,115,510,190,575,
303,21,240,0,0x0,,,,"THEDEADFIELD",175,165,402,65,115,430,175,500,
304,21,226,0,0x0,,,,"THESKITTERINGDARK",185,165,286,37,70,325,140,425,
305,21,928,0,0x0,,,,"NORTHTIDESHOLLOW",180,128,323,128,160,365,220,445,
306,21,172,232,0x0,,,,"FENRISISLE",250,215,593,74,125,625,260,815,
307,21,237,0,0x0,,,,"THEDECREPITFERRY",180,185,457,144,205,510,280,600,
308,21,228,0,0x0,,,,"THESEPULCHER",210,160,352,168,240,405,305,490,
309,21,213,0,0x0,,,,"DEEPELEMMINE",160,170,470,261,285,530,360,595,
310,21,229,0,0x0,,,,"OLSENSFARTHING",165,185,382,252,330,430,390,510,
311,21,233,0,0x0,,,,"AMBERMILL",240,240,494,262,370,580,470,690,
313,21,204,0,0x0,,,,"PYREWOODVILLAGE",140,125,391,446,465,410,520,490,
314,21,230,0,0x0,,,,"THEGREYMANEWALL",210,215,379,447,530,420,620,510,
315,21,231,0,0x0,,,,"BERENSPERIL",240,180,491,417,450,550,515,630,
316,35,146,0,0x0,,,,"STONEWROUGHTDAM",290,175,339,11,45,380,125,580,
317,35,143,0,0x0,,,,"MOGROSHSTRONGHOLD",315,235,542,48,105,620,230,800,
318,35,556,0,0x0,,,,"THELOCH",320,410,352,87,115,405,450,600,
319,35,149,0,0x0,,,,"SILVERSTREAMMINE",235,270,229,11,90,290,200,400,
320,35,838,925,0x0,,,,"NORTHGATEPASS",230,300,125,12,45,160,160,290,
321,35,147,0,0x0,,,,"THEFARSTRIDERLODGE",370,295,546,199,380,790,460,875,
322,35,142,0,0x0,,,,"IRONBANDSEXCAVATIONSITE",345,256,482,321,380,625,495,765,
323,35,936,0,0x0,,,,"GRIZZLEPAWRIDGE",295,358,309,310,395,395,525,510,
324,35,144,0,0x0,,,,"THELSAMAR",256,230,217,203,265,300,350,400,
325,35,923,0,0x0,,,,"STONESPLINTERVALLEY",255,285,215,348,430,275,610,425,
361,36,1002,0,0x0,,,,"THREECORNERS",365,350,0,284,375,95,550,275,
363,36,68,0,0x0,,,,"LAKEEVERSTILL",535,275,133,240,325,245,465,595,
381,40,150,0,0x0,,,,"MENETHILHARBOR",175,128,13,314,345,70,415,135,
383,40,1022,0,0x0,,,,"BLUEGILLMARSH",225,190,89,142,205,120,280,265,
387,40,309,0,0x0,,,,"IRONBEARDSTOMB",200,185,349,115,150,385,265,510,
390,40,1021,0,0x0,,,,"THELGANROCK",230,190,470,371,405,505,515,625,
391,40,1025,0,0x0,,,,"THEGREENBELT",185,240,456,125,170,485,320,590,
392,40,1020,0,0x0,,,,"MOSSHIDEFEN",205,245,527,264,305,565,425,675,
393,40,1016,0,0x0,,,,"DIREFORGEHILL",256,250,507,115,150,550,285,665,
395,40,1038,1037,0x0,,,,"GRIMBATOL",350,360,611,230,280,710,570,930,
402,24,272,0,0x0,,,,"TARRENMILL",220,310,509,0,100,545,245,680,
422,34,536,0,0x0,,,,"ADDLESSTEAD",275,250,55,342,415,160,510,275,
424,34,492,243,0x0,,,,"RAVENHILLCEMETARY",350,300,85,149,210,145,350,260,
430,34,121,0,0x0,,,,"TRANQUILGARDENSCEMETARY",220,220,690,353,430,755,505,850,
541,38,1777,0,0x0,,,,"ITHARIUSSCAVE",240,245,0,262,350,100,490,200,
544,38,1780,0,0x0,,,,"SPLINTERSPEARJUNCTION",275,240,129,236,290,150,410,340,
603,26,1885,0,0x0,,,,"HIRIWATHA",225,200,171,306,365,230,460,335,
604,26,350,0,0x0,,,,"QUELDANILLODGE",185,195,237,185,225,255,350,375,
605,26,353,0,0x0,,,,"SHADRAALOR",195,185,240,387,430,295,525,400,
607,26,1884,0,0x0,,,,"AGOLWATHA",205,195,374,164,205,440,290,555,
609,26,355,0,0x0,,,,"THEALTAROFZUL",200,165,373,365,405,440,480,535,
610,26,356,0,0x0,,,,"SERADANE",275,275,509,19,90,560,250,725,
611,26,351,0,0x0,,,,"SKULKROCK",160,145,512,232,250,550,325,635,
642,161,990,0,0x0,,,,"VALLEYOFTHEWATCHERS",150,160,291,434,490,330,585,410,
667,141,2079,0,0x0,,,,"ALCAZISLAND",200,195,660,21,55,695,180,820,
701,241,656,0,0x0,,,,"LAKEELUNEARA",555,510,244,89,235,365,495,650,
752,43,426,0,0x0,,,,"RAYNEWOODRETREAT",180,245,520,238,305,560,385,660,
821,19,1437,0,0x0,,,,"DREADMAULHOLD",195,180,361,15,65,385,125,480,
829,19,2517,0,0x0,,,,"RISEOFTHEDEFILER",170,145,405,123,160,445,240,530,
841,181,1227,0,0x0,,,,"BAYOFSTORMS",270,300,479,201,255,505,475,675,
842,181,1228,0,0x0,,,,"THESHATTEREDSTRAND",160,210,404,194,245,430,370,485,
843,181,1230,0,0x0,,,,"JAGGEDREEF",570,170,366,0,35,400,115,880,
844,181,2497,0,0x0,,,,"BITTERREACHES",245,185,644,40,80,685,180,850,
845,181,1229,0,0x0,,,,"TOWEROFELDARA",120,155,818,107,160,850,245,920,
846,181,1226,0,0x0,,,,"TEMPLEOFARKKORAN",190,200,681,153,225,715,325,820,
847,181,1219,0,0x0,,,,"LEGASHENCAMPMENT",235,140,478,44,90,495,150,665,
848,181,1220,0,0x0,,,,"THALASSIANBASECAMP",240,155,499,119,160,535,225,685,
849,181,1225,0,0x0,,,,"URSOLAN",145,215,422,95,150,430,230,510,
850,181,1216,0,0x0,,,,"TIMBERMAWHOLD",235,270,250,106,170,320,275,425,
851,181,1237,0,0x0,,,,"VALORMOK",215,175,84,229,310,165,365,265,
852,181,1236,0,0x0,,,,"HALDARRENCAMPMENT",200,150,77,331,370,165,435,250,
389,40,1036,0,0x0,,,,"ANGERFANGENCAMPMENT",225,185,347,218,270,400,375,550,
401,24,1056,0,0x0,,,,"DARROWHILL",205,155,414,154,190,435,260,585,
403,24,275,0,0x0,,,,"DURNHOLDEKEEP",384,365,605,75,220,705,325,835,
404,24,290,0,0x0,,,,"DUNGAROK",240,275,637,294,405,675,550,770,
405,24,289,0,0x0,,,,"NETHANDERSTEAD",215,240,541,236,290,580,450,700,
406,24,294,0,0x0,,,,"EASTERNSTRAND",230,320,524,339,440,550,555,690,
421,34,1097,0,0x0,,,,"THEHUSHEDBANK",160,330,19,132,191,56,403,145,
423,34,94,0,0x0,,,,"RAVENHILL",195,145,102,302,340,155,410,260,
431,34,42,0,0x0,,,,"DARKSHIRE",315,280,631,162,250,710,350,835,
443,15,282,283,0x0,,,,"CRUSHRIDGEHOLD",280,240,334,162,215,435,345,535,
445,15,1682,0,0x0,,,,"DANDREDSFOLD",285,230,276,0,70,370,160,440,
446,15,1357,0,0x0,,,,"GALLOWSCORNER",200,200,406,279,355,460,430,545,
447,15,1677,0,0x0,,,,"GAVINSNAZE",160,175,225,478,525,270,620,345,
448,15,1683,0,0x0,,,,"GROWLESSCAVE",190,170,317,372,420,345,505,450,
449,15,278,0,0x0,,,,"LORDAMEREINTERNMENTCAMP",330,265,44,403,525,160,610,250,
450,15,1681,0,0x0,,,,"MISTYSHORE",220,280,196,131,190,220,315,345,
451,15,281,0,0x0,,,,"RUINSOFALTERAC",255,255,270,197,295,330,420,470,
452,15,1678,0,0x0,,,,"SOFERASNAZE",255,320,462,307,415,540,505,630,
453,15,280,0,0x0,,,,"STRAHNBRAD",370,300,549,105,255,570,350,700,
455,15,284,0,0x0,,,,"THEUPLANDS",235,200,462,77,120,500,245,630,
456,24,896,0,0x0,,,,"PURGATIONISLE",125,100,109,482,480,110,585,235,
503,37,35,312,0x0,,,,"BOOTYBAY",145,128,203,433,460,220,530,305,
512,37,103,0,0x0,,,,"RUINSOFZULMAMWE",170,125,394,212,250,435,315,500,
515,37,117,0,0x0,,,,"GROMGOLBASECAMP",110,105,260,132,160,285,205,350,
519,37,125,0,0x0,,,,"KALAIRUINS",95,95,299,88,120,320,160,370,
520,37,123,0,0x0,,,,"BALALRUINS",90,80,241,92,115,270,150,320,
521,37,104,0,0x0,,,,"THEVILEREEF",190,175,152,90,135,180,235,305,
523,37,102,0,0x0,,,,"RUINSOFZULKUNDA",125,140,196,3,55,220,110,300,
526,37,101,0,0x0,,,,"KURZENSCOMPOUND",155,150,388,0,35,415,90,495,
527,37,19,0,0x0,,,,"ZULGURUB",245,220,483,8,50,525,200,675,
561,16,334,0,0x0,,,,"CIRCLEOFWESTBINDING",190,210,138,54,110,170,230,275,
563,16,1858,0,0x0,,,,"BOULDERGOR",245,245,232,145,215,350,340,405,
565,16,324,0,0x0,,,,"STROMGARDEKEEP",240,230,108,287,340,140,490,315,
566,16,327,0,0x0,,,,"FALDIRSCOVE",256,215,171,424,475,215,590,405,
567,16,335,0,0x0,,,,"CIRCLEOFINNERBINDING",210,185,286,310,365,315,460,420,
568,16,880,0,0x0,,,,"THANDOLSPAN",200,220,355,412,485,400,625,520,
569,16,316,0,0x0,,,,"BOULDERFISTHALL",215,235,432,362,425,475,560,610,
570,16,320,0,0x0,,,,"REFUGEPOINT",175,225,370,186,260,420,370,500,
572,16,317,0,0x0,,,,"WITHERBARKVILLAGE",215,210,559,333,410,595,485,740,
573,16,314,0,0x0,,,,"GOSHEKFARM",230,195,531,276,340,575,415,655,
574,16,315,0,0x0,,,,"DABYRIESFARMSTEAD",180,210,472,165,230,505,300,600,
575,16,333,0,0x0,,,,"CIRCLEOFEASTBINDING",160,230,558,112,175,595,280,680,
576,16,321,318,0x0,,,,"HAMMERFALL",205,250,655,120,190,690,300,815,
583,17,345,0,0x0,,,,"AGMONDSEND",265,270,345,389,420,400,570,545,
584,17,1879,0,0x0,,,,"MIRAGEFLATS",285,240,148,384,420,215,585,400,
585,17,344,347,0x0,,,,"CAMPCAGG",255,220,12,428,475,40,615,225,
586,17,337,0,0x0,,,,"APOCRYPHANSREST",255,205,17,310,360,100,465,215,
587,17,340,0,0x0,,,,"KARGATH",240,255,0,148,265,10,370,165,
588,17,1878,0,0x0,,,,"THEDUSTBOWL",270,275,159,199,275,220,415,390,
589,17,1877,0,0x0,,,,"VALLEYOFFANGS",230,230,349,256,320,400,440,530,
601,26,348,0,0x0,,,,"AERIEPEAK",255,205,13,245,285,85,390,210,
602,26,1882,0,0x0,,,,"PLAGUEMISTRAVINE",145,220,158,149,180,190,330,265,
606,26,1883,0,0x0,,,,"VALORWINDLAKE",170,170,319,302,355,365,425,440,
608,26,1886,0,0x0,,,,"THECREEPINGRUIN",180,170,408,260,315,455,400,550,
612,26,1917,0,0x0,,,,"SHAOLWATHA",280,205,571,239,285,635,390,770,
613,26,354,0,0x0,,,,"JINTHAALOR",235,285,505,333,360,550,570,700,
614,26,307,0,0x0,,,,"THEOVERLOOKCLIFFS",170,310,693,303,350,755,570,835,
683,61,481,0,0x0,,,,"SPLITHOOFCRAG",210,195,391,192,225,430,325,560,
685,61,483,0,0x0,,,,"THESCREECHINGCANYON",250,240,179,200,235,225,400,390,
686,61,2097,0,0x0,,,,"DARKCLOUDPINNACLE",205,195,259,131,190,305,295,410,
721,28,1442,0,0x0,,,,"FIREWATCHRIDGE",405,430,85,30,130,160,320,400,
722,28,246,0,0x0,,,,"THECAULDRON",425,325,250,170,260,315,400,610,
723,28,1957,0,0x0,,,,"BLACKCHARCAVE",275,235,77,366,415,155,565,305,
724,28,1444,0,0x0,,,,"THESEAOFCINDERS",360,280,247,388,460,330,665,570,
725,28,1958,0,0x0,,,,"TANNERCAMP",305,230,545,407,440,605,580,785,
768,101,607,0,0x0,,,,"VALLEYOFSPEARS",245,285,212,215,255,250,440,415,
785,29,250,0,0x0,,,,"RUINSOFTHAURISSAN",270,285,513,99,145,550,315,755,
923,81,465,0,0x0,,,,"THECHARREDVALE",230,355,210,234,375,245,520,395,
822,19,1457,0,0x0,,,,"GARRISONARMORY",170,200,472,9,65,520,120,600,
824,19,1440,0,0x0,,,,"SERPENTSCOIL",225,170,501,140,190,575,255,685,
826,19,1441,0,0x0,,,,"ALTAROFSTORMS",185,155,310,133,180,365,245,430,
828,19,73,0,0x0,,,,"THETAINTEDSCAR",384,450,212,178,295,265,540,495,
853,181,1235,0,0x0,,,,"SHADOWSONGSHRINE",225,180,35,422,455,125,545,225,
854,181,1221,0,0x0,,,,"RUINSOFELDARATH",265,280,238,221,310,305,415,430,
855,181,1231,0,0x0,,,,"SOUTHRIDGEBEACH",370,220,389,353,420,440,540,730,
856,181,1232,0,0x0,,,,"RAVENCRESTMONUMENT",240,125,552,499,535,660,600,755,
857,181,1234,0,0x0,,,,"LAKEMENNAR",315,200,296,429,490,375,580,490,
858,181,1256,0,0x0,,,,"THERUINEDREACHES",395,128,396,540,580,440,645,725,
859,181,1233,0,0x0,,,,"FORLORNRIDGE",220,255,191,369,425,220,530,370,
870,182,2479,0,0x0,,,,"EMERALDSANCTUARY",185,160,405,429,505,470,560,565,
871,182,1761,0,0x0,,,,"DEADWOODVILLAGE",175,135,408,533,580,450,640,535,
872,182,2478,0,0x0,,,,"MORLOSARAN",145,159,496,509,560,540,615,615,
878,23,2273,0,0x0,,,,"ZULMASHAR",205,165,614,30,60,670,135,795,
879,23,2272,0,0x0,,,,"NORTHDALE",190,205,620,128,170,665,255,750,
880,23,2624,0,0x0,,,,"BLACKWOODLAKE",230,235,442,199,290,475,375,565,
882,23,2270,0,0x0,,,,"THENOXIOUSGLADE",225,215,722,166,225,785,330,905,
884,23,2268,0,0x0,,,,"LIGHTSHOPECHAPEL",175,245,716,299,350,785,430,860,
885,23,2266,0,0x0,,,,"TYRSHAND",245,170,717,471,505,765,605,935,
886,23,2621,0,0x0,,,,"LAKEMERELDAR",250,175,537,463,490,565,580,690,
888,23,2622,0,0x0,,,,"THEINFECTISSCAR",195,275,620,291,355,695,480,790,
893,23,2260,0,0x0,,,,"THEMARRISSTEAD",200,205,156,360,455,215,525,320,
894,23,2619,0,0x0,,,,"THONDRORILRIVER",220,360,7,231,255,25,550,130,
901,29,254,0,0x0,,,,"BLACKROCKMOUNTAIN",256,280,173,101,145,220,280,380,
922,81,464,0,0x0,,,,"MIRKFALLONLAKE",200,215,390,145,220,425,325,560,
924,81,460,0,0x0,,,,"SUNROCKRETREAT",150,150,389,320,345,410,435,520,
925,81,461,0,0x0,,,,"WINDSHEARCRAG",320,275,553,197,240,570,435,830,
926,81,2541,0,0x0,,,,"SISHIRCANYON",125,125,475,433,465,500,535,590,
927,81,2540,0,0x0,,,,"BOULDERSLIDERAVINE",145,107,572,561,580,600,660,700,
1001,281,2246,0,0x0,,,,"FROSTFIREHOTSPRINGS",240,140,222,172,220,275,270,395,
92,41,260,0,0x0,,,,"STARBREEZEVILLAGE",200,200,561,292,345,605,425,710,
93,41,264,0,0x0,,,,"THEORACLEGLADE",170,240,272,127,170,350,315,410,
94,41,266,265,0x0,,,,"WELLSPRINGLAKE",180,256,377,93,165,415,310,525,
125,30,9,0,0x0,,,,"NORTHSHIREVALLEY",256,256,381,147,190,425,375,600,
129,30,88,0,0x0,,,,"EASTVALELOGGINGCAMP",256,210,704,330,400,775,485,900,
132,30,86,0,0x0,,,,"STONECAIRNLAKE",310,256,587,190,250,675,415,830,
281,39,916,0,0x0,,,,"THEJANSENSTEAD",165,200,488,0,75,520,160,615,
282,39,109,0,0x0,,,,"FURLBROWSPUMPKINFARM",210,215,387,11,100,465,185,555,
283,39,111,0,0x0,,,,"JANGOLODEMINE",215,215,307,29,125,405,200,490,
284,39,107,0,0x0,,,,"SALDEANSFARM",225,210,459,105,180,505,255,605,
285,39,918,0,0x0,,,,"THEMOLSENFARM",225,205,328,148,200,395,285,505,
286,39,113,0,0x0,,,,"GOLDCOASTQUARRY",225,256,220,102,230,255,325,375,
287,39,917,0,0x0,,,,"THEDEADACRE",200,240,524,252,370,575,450,675,
289,39,20,919,0x0,,,,"MOONBROOK",220,200,317,331,370,390,505,495,
290,39,219,0,0x0,,,,"ALEXSTONFARMSTEAD",305,210,204,260,295,325,405,440,
312,21,236,0,0x0,,,,"SHADOWFANGKEEP",220,160,364,359,410,390,475,495,
326,35,924,0,0x0,,,,"VALLEYOFKINGS",195,250,109,370,400,150,585,260,
341,42,443,0,0x0,,,,"RUINSOFMATHYSTRA",195,215,510,0,60,555,160,620,
342,42,444,0,0x0,,,,"TOWEROFALTHALAXX",170,195,468,85,145,520,205,610,
345,42,442,0,0x0,,,,"AUBERDINE",150,215,318,162,255,355,330,430,
346,42,447,0,0x0,,,,"AMETHARAN",190,205,324,306,350,395,420,460,
347,42,448,0,0x0,,,,"GROVEOFTHEANCIENTS",200,170,305,412,475,385,555,475,
348,42,450,0,0x0,,,,"REMTRAVELSEXCAVATION",175,183,229,485,540,320,600,380,
349,42,449,0,0x0,,,,"THEMASTERSGLAIVE",175,158,329,510,555,370,630,460,
364,36,69,0,0x0,,,,"LAKESHIRE",340,195,83,197,250,165,330,345,
366,36,996,998,0x0,,,,"RENDERSCAMP",275,256,277,0,25,305,200,500,
367,36,97,0,0x0,,,,"ALTHERSMILL",235,270,399,129,220,475,345,595,
368,36,70,999,0x0,,,,"STONEWATCH",255,300,500,215,300,595,435,730,
369,36,997,0,0x0,,,,"RENDERSVALLEY",465,255,484,361,470,535,570,930,
370,36,71,0,0x0,,,,"STONEWATCHFALLS",320,210,595,320,405,655,490,840,
371,36,1000,96,0x0,,,,"GALARDELLVALLEY",250,250,654,161,195,700,375,865,
407,24,271,0,0x0,,,,"SOUTHSHORE",235,270,418,201,310,445,430,550,
408,24,286,0,0x0,,,,"HILLSBRADFIELDS",305,275,198,155,200,250,400,450,
409,24,295,0,0x0,,,,"WESTERNSTRAND",285,155,208,368,415,240,495,475,
410,24,288,0,0x0,,,,"AZURELOADMINE",165,200,175,275,345,215,420,310,
411,24,285,0,0x0,,,,"SOUTHPOINTTOWER",288,225,2,192,245,75,370,235,
425,34,93,0,0x0,,,,"VULGOLOGREMOUND",255,285,243,348,435,285,545,440,
427,34,245,0,0x0,,,,"THEYORGENFARMSTEAD",235,250,390,382,440,445,540,540,
441,15,1684,0,0x0,,,,"CHILLWINDPOINT",350,370,626,253,330,730,560,915,
442,15,1679,0,0x0,,,,"CORRAHNSDAGGER",195,288,399,380,495,435,625,530,
444,15,279,0,0x0,,,,"DALARAN",300,300,26,262,360,75,520,230,
454,15,1680,0,0x0,,,,"THEHEADLAND",165,197,314,471,545,345,660,435,
461,11,381,0,0x0,,,,"BOULDERLODEMINE",120,110,555,0,10,595,80,645,
462,11,382,0,0x0,,,,"THESLUDGEFEN",170,120,456,0,20,505,80,605,
463,11,1703,0,0x0,,,,"THEMORSHANRAMPART",128,100,412,0,15,440,75,520,
464,11,384,0,0x0,,,,"DREADMISTPEAK",128,105,419,63,95,450,150,520,
465,11,383,0,0x0,,,,"THEDRYHILLS",200,145,317,29,60,350,135,445,
466,11,386,0,0x0,,,,"THEFORGOTTENPOOLS",120,125,384,115,125,420,190,490,
467,11,1702,0,0x0,,,,"HONORSSTAND",128,128,306,130,155,335,225,415,
468,11,1704,0,0x0,,,,"GROLDOMFARM",125,115,492,63,105,530,150,585,
469,11,379,0,0x0,,,,"FARWATCHPOST",100,165,564,52,115,590,170,635,
470,11,1699,0,0x0,,,,"THORNHILL",140,128,498,119,165,540,215,600,
471,11,380,0,0x0,,,,"THECROSSROADS",155,155,431,118,165,485,215,550,
472,11,388,0,0x0,,,,"THESTAGNANTOASIS",155,128,481,211,255,530,315,585,
473,11,392,0,0x0,,,,"RATCHET",125,125,556,189,225,600,275,655,
474,11,391,0,0x0,,,,"THEMERCHANTCOAST",95,100,581,247,270,615,335,660,
476,11,1697,0,0x0,,,,"RAPTORGROUNDS",115,110,507,294,320,530,365,590,
478,11,1700,0,0x0,,,,"AGAMAGOR",200,185,340,234,275,390,370,475,
479,11,1698,0,0x0,,,,"BRAMBLESCAR",125,165,442,298,355,485,425,530,
480,11,378,0,0x0,,,,"CAMPTAURAJO",145,125,365,350,380,425,435,490,
481,11,390,0,0x0,,,,"FIELDOFGIANTS",210,150,355,402,445,425,500,500,
482,11,1701,0,0x0,,,,"BLACKTHORNRIDGE",155,128,335,462,490,385,565,450,
509,37,310,0,0x0,,,,"CRYSTALVEINMINE",120,120,345,276,310,380,365,440,
511,37,1741,0,0x0,,,,"THEARENA",200,185,235,189,255,250,335,340,
513,37,127,0,0x0,,,,"BALIAMAHRUINS",110,140,371,129,185,390,260,445,
516,37,105,0,0x0,,,,"MOSHOGGOGREMOUND",128,175,432,94,160,455,240,535,
517,37,1740,0,0x0,,,,"VENTURECOBASECAMP",105,125,387,64,100,420,165,465,
518,37,37,0,0x0,,,,"LAKENAZFERITI",128,125,331,59,100,375,150,435,
522,37,122,0,0x0,,,,"ZUULDAIARUINS",115,115,156,42,80,190,120,235,
524,37,100,0,0x0,,,,"NESINGWARYSEXPEDITION",140,110,269,26,60,305,115,380,
525,37,99,0,0x0,,,,"REBELCAMP",170,90,284,0,20,335,55,415,
542,38,116,0,0x0,,,,"MISTYVALLEY",245,305,0,140,190,50,290,215,
543,38,657,0,0x0,,,,"THEHARBORAGE",235,205,171,145,190,215,290,340,
571,16,336,0,0x0,,,,"CIRCLEOFOUTERBINDING",170,155,419,293,320,485,385,570,
582,17,342,0,0x0,,,,"CAMPBOFF",255,280,501,341,400,545,570,685,
621,201,537,0,0x0,,,,"FIREPLUMERIDGE",295,270,367,178,250,415,415,595,
622,201,543,0,0x0,,,,"GOLAKKAHOTSPRINGS",315,345,121,151,235,215,435,390,
623,201,539,0,0x0,,,,"TERRORRUN",345,285,158,368,415,300,575,445,
624,201,540,0,0x0,,,,"THESLITHERINGSCAR",345,285,367,380,470,440,600,595,
626,201,1943,0,0x0,,,,"IRONSTONEPLATEAU",285,285,582,67,145,625,320,825,
627,201,538,0,0x0,,,,"LAKKARITARPITS",570,265,160,6,25,355,250,660,
643,161,992,0,0x0,,,,"SOUTHMOONRUINS",195,210,323,359,445,365,510,440,
644,161,987,0,0x0,,,,"LANDSENDBEACH",205,157,445,511,565,480,660,620,
646,161,981,0,0x0,,,,"THEGAPINGCHASM",220,210,449,372,415,490,530,600,
647,161,1940,0,0x0,,,,"SOUTHBREAKSHORE",215,175,499,293,365,570,430,680,
649,161,982,0,0x0,,,,"THENOXIOUSLAIR",180,200,252,199,255,310,355,385,
650,161,1938,0,0x0,,,,"BROKENPILLAR",110,180,473,234,275,500,335,565,
652,161,985,0,0x0,,,,"WATERSPRINGFIELD",165,180,509,168,210,550,295,645,
653,161,1336,0,0x0,,,,"LOSTRIGGERCOVE",160,190,629,220,255,675,375,760,
654,161,986,0,0x0,,,,"ZALASHJISDEN",110,140,611,147,190,640,255,700,
655,161,977,0,0x0,,,,"STEAMWHEEDLEPORT",155,150,592,75,110,630,175,710,
656,161,1937,0,0x0,,,,"NOONSHADERUINS",120,135,533,104,140,570,190,630,
658,161,976,0,0x0,,,,"GADGETZAN",175,165,421,91,140,460,225,565,
659,161,979,0,0x0,,,,"SANDSORROWWATCH",195,175,299,100,155,365,225,435,
660,161,978,0,0x0,,,,"ZULFARRAK",210,175,254,0,25,300,145,450,
661,141,513,0,0x0,,,,"THERAMOREISLE",230,205,534,224,280,615,405,750,
663,141,496,0,0x0,,,,"BRACKENWALLVILLAGE",280,270,230,0,70,305,235,435,
665,141,509,0,0x0,,,,"THEDENOFFLAME",255,250,257,313,345,315,475,425,
103,27,137,0,0x0,,,,"BREWNALLVILLAGE",115,115,252,249,275,280,340,330,
104,27,135,0,0x0,,,,"FROSTMANEHOLD",125,125,217,287,315,260,375,305,
105,27,808,0,0x0,,,,"NORTHERNGATEOUTPOST",128,165,759,173,205,800,300,860,
107,27,134,0,0x0,,,,"GOLBOLARQUARRY",165,165,608,291,340,640,430,735,
108,27,212,716,0x0,,,,"HELMSBEDLAKE",155,170,694,273,315,730,410,810,
109,27,803,0,0x0,,,,"AMBERSTILLRANCH",128,128,573,280,315,605,360,665,
110,27,804,0,0x0,,,,"THETUNDRIDHILLS",155,128,522,322,355,555,410,645,
111,27,138,0,0x0,,,,"MISTYPINEREFUGE",128,165,502,221,245,545,325,605,
113,27,131,189,0x0,,,,"KHARANOS",200,200,386,294,515,445,390,555,
115,27,802,0,0x0,,,,"SHIMMERRIDGE",128,190,347,163,220,380,315,440,
116,27,801,0,0x0,,,,"CHILLBREEZEVALLEY",180,128,274,296,320,320,390,400,
117,27,800,0,0x0,,,,"COLDRIDGEPASS",150,128,295,385,420,320,490,380,
184,9,818,0,0x0,,,,"PALEMANEROCK",128,205,303,307,355,330,475,400,
121,30,1519,0,0x0,,,,"STORMWIND",485,405,0,0,120,115,355,370,
122,30,87,0,0x0,,,,"GOLDSHIRE",240,220,250,270,400,370,465,455,
131,30,18,0,0x0,,,,"CRYSTALLAKE",225,220,422,332,380,450,475,605,
182,9,220,221,0x0,,,,"REDCLOUDMESA",470,243,270,425,480,340,625,560,
186,9,222,0,0x0,,,,"BLOODHOOFVILLAGE",256,200,367,303,345,415,445,535,
188,9,396,0,0x0,,,,"WINTERHOOFWATERWELL",170,128,458,369,410,505,470,580,
190,9,821,0,0x0,,,,"THEROLLINGPLAINS",256,190,523,356,410,575,495,685,
192,9,360,0,0x0,,,,"THEVENTURECOMINE",225,235,532,238,280,585,390,650,
194,9,224,0,0x0,,,,"RAVAGEDCARAVAN",128,120,473,260,285,505,345,585,
196,9,820,0,0x0,,,,"THEGOLDENPLAINS",215,240,428,80,120,485,280,575,
200,9,404,0,0x0,,,,"BAELDUNDIGSITE",210,180,255,214,260,290,360,385,
202,9,1638,0,0x0,,,,"THUNDERBLUFF",280,240,249,59,105,295,265,480,
204,9,398,0,0x0,,,,"WILDMANEWATERWELL",185,128,291,0,50,330,115,460,
206,9,225,0,0x0,,,,"REDROCKS",205,230,502,16,75,555,195,670,
208,9,819,0,0x0,,,,"WINDFURYRIDGE",205,128,395,0,45,450,115,555,
221,20,152,0,0x0,,,,"BULWARK",230,205,698,362,380,770,550,905,
224,20,459,0,0x0,,,,"SCARLETWATCHPOST",175,247,689,104,114,740,325,820,
225,20,167,0,0x0,,,,"CRUSADEROUTPOST",173,128,694,289,292,708,395,853,
226,20,165,0,0x0,,,,"BALNIRFARMSTEAD",216,179,630,326,335,664,489,795,
227,20,162,0,0x0,,,,"BRIGHTWATERLAKE",201,288,587,139,165,633,398,735,
228,20,1497,0,0x0,,,,"RUINSOFLORDAERON",315,235,463,361,406,547,551,693,
229,20,164,0,0x0,,,,"GARRENSHAUNT",174,220,497,145,182,531,328,627,
230,20,159,0,0x0,,,,"BRILL",128,158,537,299,320,560,418,635,
231,20,166,0,0x0,,,,"COLDHEARTHMANOR",150,128,474,327,365,502,436,575,
232,20,811,0,0x0,,,,"NIGHTMAREVALE",243,199,363,349,396,401,490,547,
233,20,810,0,0x0,,,,"STILLWATERPOND",186,128,395,277,307,429,378,532,
234,20,157,0,0x0,,,,"AGAMANDMILLS",256,210,335,139,183,384,303,522,
235,20,156,0,0x0,,,,"SOLLIDENFARMSTEAD",256,156,239,250,290,284,371,437,
236,20,154,0,0x0,,,,"DEATHKNELL",245,205,227,328,366,279,488,411,
242,4,363,0,0x0,,,,"VALLEYOFTRIALS",215,215,355,320,395,395,500,495,
244,4,367,0,0x0,,,,"SENJINVILLAGE",160,190,474,384,450,525,525,600,
248,4,368,0,0x0,,,,"ECHOISLES",200,240,549,427,470,600,660,710,
250,4,372,0,0x0,,,,"TIRAGARDEKEEP",190,180,462,286,325,535,425,620,
384,40,118,0,0x0,,,,"WHELGARSEXCAVATIONSITE",195,185,247,205,295,310,360,410,
385,40,1024,0,0x0,,,,"SUNDOWNMARSH",300,240,92,82,140,140,240,325,
386,40,1023,0,0x0,,,,"SALTSPRAYGLEN",200,240,237,41,95,275,230,410,
388,40,205,0,0x0,,,,"DUNMODR",205,180,401,21,80,445,145,545,
394,40,1017,0,0x0,,,,"RAPTORRIDGE",190,160,628,176,210,665,300,780,
475,11,385,0,0x0,,,,"NORTHWATCHFOLD",150,120,527,307,340,575,400,650,
477,11,387,0,0x0,,,,"LUSHWATEROASIS",175,185,365,177,225,435,295,500,
484,11,1717,0,0x0,,,,"RAZORFENKRAUL",128,128,341,537,555,370,625,450,
501,37,297,0,0x0,,,,"JAGUEROISLE",125,120,314,493,510,350,590,430,
502,37,43,0,0x0,,,,"WILDSHORE",165,190,229,422,505,300,555,350,
504,37,1738,0,0x0,,,,"NEKMANIWELLSPRING",90,115,211,359,385,230,450,285,
505,37,1737,0,0x0,,,,"MISTVALEVALLEY",125,125,280,368,395,320,465,355,
506,37,1739,0,0x0,,,,"BLOODSAILCOMPOUND",165,175,194,284,325,220,390,320,
507,37,311,0,0x0,,,,"RUINSOFABORAZ",95,95,350,335,375,375,415,420,
508,37,477,0,0x0,,,,"RUINSOFJUBUWAL",110,110,306,301,325,335,365,380,
510,37,128,0,0x0,,,,"ZIATAJAIRUINS",128,125,364,231,265,385,315,430,
514,37,129,0,0x0,,,,"MIZJAHRUINS",105,110,311,131,180,350,215,390,
562,16,313,0,0x0,,,,"NORTHFOLDMANOR",230,240,192,90,150,275,270,360,
564,16,1857,0,0x0,,,,"THORADINSWALL",190,240,87,138,180,125,325,230,
581,17,339,0,0x0,,,,"LETHLORRAVINE",370,455,611,110,225,685,455,885,
590,17,338,0,0x0,,,,"ANGORFORTRESS",195,200,325,148,170,360,275,500,
591,17,1898,0,0x0,,,,"DUSTWINDGULCH",245,205,498,209,245,565,370,690,
593,17,1897,1517,0x0,,,,"THEMAKERSTERRACE",245,205,389,7,50,400,170,585,
625,201,1942,0,0x0,,,,"THEMARSHLANDS",310,355,560,240,305,615,540,780,
641,161,980,0,0x0,,,,"THISTLESHRUBVALLEY",185,250,203,286,360,245,475,370,
645,161,984,0,0x0,,,,"EASTMOONRUINS",160,150,395,346,410,435,460,500,
648,161,983,0,0x0,,,,"DUNEMAULCOMPOUND",205,145,325,289,335,380,415,460,
651,161,1939,0,0x0,,,,"ABYSSALSANDS",215,180,363,194,240,410,330,505,
657,161,2300,0,0x0,,,,"CAVERNSOFTIME",155,150,561,256,295,595,365,690,
662,141,502,0,0x0,,,,"WITCHHILL",250,315,422,0,60,445,245,635,
666,141,511,0,0x0,,,,"THEWYRMBOG",285,240,367,381,435,440,570,615,
681,61,439,0,0x0,,,,"THESHIMMERINGFLATS",320,365,610,300,325,660,650,910,
682,61,2303,0,0x0,,,,"WINDBREAKCANYON",240,220,492,250,285,550,450,700,
764,101,602,0,0x0,,,,"MANNOROCCOVEN",285,280,399,380,470,455,590,615,
770,101,609,0,0x0,,,,"KOLKARVILLAGE",220,220,607,215,275,695,375,795,
823,19,1438,0,0x0,,,,"NETHERGARDEKEEP",185,190,559,30,85,595,160,695,
928,81,1076,0,0x0,,,,"WEBWINDERPATH",288,355,457,282,315,500,600,710,
930,81,2537,0,0x0,,,,"GRIMTOTEMPOST",225,120,668,515,555,700,605,815,
931,81,2538,0,0x0,,,,"CAMPAPARAJE",190,97,718,571,600,745,635,805,
961,22,2297,0,0x0,,,,"DARROWMERELAKE",370,270,504,343,410,555,575,815,
962,22,2298,0,0x0,,,,"CAERDARROW",170,165,600,412,455,640,550,740,
963,22,197,0,0x0,,,,"SORROWHILL",300,206,355,462,485,470,575,565,
964,22,193,0,0x0,,,,"RUINSOFANDORHOL",285,230,260,355,420,380,505,495,
967,22,200,0,0x0,,,,"DALSONSTEARS",220,150,381,265,315,420,390,510,
969,22,192,0,0x0,,,,"NORTHRIDGELUMBERCAMP",220,180,382,164,195,425,290,525,
972,22,198,0,0x0,,,,"THEWEEPINGCAVE",160,200,566,198,240,615,325,690,
981,121,1111,0,0x0,,,,"DREAMBOUGH",150,125,454,0,40,490,95,540,
982,121,1113,0,0x0,,,,"ONEIROS",110,110,493,70,95,520,130,575,
983,121,1114,0,0x0,,,,"RUINSOFRAVENWIND",190,155,305,0,45,360,100,435,
984,121,1119,0,0x0,,,,"THETWINCOLOSSALS",285,245,319,75,100,395,240,550,
985,121,1108,0,0x0,,,,"THEFORGOTTENCOAST",145,320,404,256,275,430,555,500,
288,39,108,0,0x0,,,,"SENTINELHILL",195,240,442,241,280,515,385,605,
343,42,456,445,0x0,,,,"CLIFFSPRINGRIVER",230,190,375,94,190,485,255,590,
344,42,446,0,0x0,,,,"BASHALARAN",180,195,365,181,215,415,270,485,
362,36,1001,0,0x0,,,,"LAKERIDGEHIGHWAY",430,290,187,333,445,220,535,545,
365,36,95,98,0x0,,,,"REDRIDGECANYONS",365,245,121,72,125,175,250,400,
382,40,1018,0,0x0,,,,"BLACKCHANNELMARSH",240,175,77,245,285,125,370,275,
426,34,856,0,0x0,,,,"TWILIGHTGROVE",360,420,298,79,145,370,395,585,
428,34,242,0,0x0,,,,"BRIGHTWOODGROVE",220,340,504,117,165,570,380,685,
429,34,241,0,0x0,,,,"THEROTTINGORCHARD",250,230,539,369,430,580,545,705,
432,34,1098,0,0x0,,,,"MANORMISTMANTLE",200,175,653,120,195,695,255,795,
433,34,799,0,0x0,,,,"THEDARKENEDBANK",910,210,89,31,85,125,200,970,
483,11,359,0,0x0,,,,"BAELMODAN",128,128,431,479,530,450,590,505,
485,11,1316,0,0x0,,,,"RAZORFENDOWNS",155,115,407,553,580,445,645,535,
545,38,1798,0,0x0,,,,"THESHIFTINGMIRE",315,235,286,110,160,320,305,560,
546,38,75,0,0x0,,,,"STONARD",360,315,279,237,300,370,435,585,
547,38,74,0,0x0,,,,"POOLOFTEARS",300,275,565,218,265,620,440,805,
548,38,1797,0,0x0,,,,"STAGALBOG",345,250,552,378,455,615,600,795,
549,38,1778,0,0x0,,,,"SORROWMURK",215,365,724,120,175,775,445,905,
550,38,76,0,0x0,,,,"FALLOWSANCTUARY",365,305,492,0,60,540,240,765,
551,38,300,0,0x0,,,,"MISTYREEDSTRAND",256,668,746,0,75,815,630,955,
592,17,346,0,0x0,,,,"HAMMERTOESDIGSITE",200,195,445,120,190,500,295,635,
594,17,341,0,0x0,,,,"CAMPKOSH",220,220,551,48,100,600,200,725,
664,141,2302,0,0x0,,,,"BACKBAYWETLANDS",400,255,239,189,240,320,410,570,
684,61,484,0,0x0,,,,"FREEWINDPOST",210,190,357,264,300,400,405,525,
687,61,485,0,0x0,,,,"THEGREATLIFT",210,180,205,70,115,275,185,370,
688,61,480,0,0x0,,,,"CAMPETHOK",305,310,0,0,40,65,235,260,
689,61,482,0,0x0,,,,"HIGHPERCH",190,190,31,155,190,70,305,200,
726,28,247,0,0x0,,,,"GRIMSILTDIGSITE",305,220,494,300,345,560,440,740,
727,28,1959,0,0x0,,,,"DUSTFIREVALLEY",460,365,422,8,60,530,330,820,
741,43,414,0,0x0,,,,"THEZORAMSTRAND",245,245,19,28,60,45,235,215,
742,43,441,0,0x0,,,,"LAKEFALATHIM",128,195,131,137,230,175,310,235,
743,43,413,0,0x0,,,,"MAESTRASPOST",215,305,205,38,90,250,255,335,
744,43,2301,0,0x0,,,,"THISTLEFURVILLAGE",255,195,203,158,215,335,275,405,
745,43,416,0,0x0,,,,"THESHRINEOFAESSINA",220,195,104,259,305,175,400,270,
746,43,417,0,0x0,,,,"FIRESCARSHRINE",165,175,189,324,390,235,460,300,
747,43,415,0,0x0,,,,"ASTRANAAR",205,185,272,251,295,310,395,435,
748,43,424,0,0x0,,,,"IRISLAKE",200,205,392,218,275,430,350,500,
749,43,418,0,0x0,,,,"THERUINSOFSTARDUST",155,150,260,373,405,295,495,375,
750,43,421,0,0x0,,,,"MYSTRALLAKE",275,240,356,347,430,420,550,570,
751,43,419,0,0x0,,,,"THEHOWLINGVALE",210,185,463,141,200,500,295,625,
753,43,422,432,0x0,,,,"FALLENSKYLAKE",235,205,547,426,505,635,590,750,
754,43,428,0,0x0,,,,"NIGHTRUN",225,255,597,258,340,660,450,775,
755,43,430,0,0x0,,,,"SATYRNAAR",285,185,694,225,290,750,355,890,
756,43,438,0,0x0,,,,"BOUGHSHADOW",146,200,856,151,200,895,285,985,
757,43,437,0,0x0,,,,"WARSONGLUMBERCAMP",200,160,796,311,355,855,435,970,
758,43,434,0,0x0,,,,"FELFIREHILL",245,255,713,344,465,750,570,915,
761,101,2406,0,0x0,,,,"RANAZJARISLE",100,100,241,6,25,255,85,325,
762,101,2198,0,0x0,,,,"SHADOWBREAKRAVINE",205,195,690,444,485,760,575,850,
763,101,604,0,0x0,,,,"MAGRAMVILLAGE",205,285,590,365,425,650,550,775,
765,101,606,0,0x0,,,,"GELKISVILLAGE",195,242,293,426,540,320,650,450,
766,101,2408,0,0x0,,,,"SHADOWPREYVILLAGE",230,230,167,389,420,195,520,315,
767,101,596,0,0x0,,,,"KODOGRAVEYARD",275,250,387,244,325,435,450,580,
769,101,2405,0,0x0,,,,"ETHELRETHOR",205,250,311,61,135,345,275,475,
771,101,2407,0,0x0,,,,"KORMEKSHUT",170,160,555,181,230,590,310,700,
772,101,599,0,0x0,,,,"THUNDERAXEFORTRESS",190,220,447,102,150,490,225,600,
773,101,603,0,0x0,,,,"SARGERON",285,245,625,33,95,695,210,825,
774,101,608,0,0x0,,,,"NIJELSPOINT",200,250,554,0,25,600,100,700,
775,101,2404,0,0x0,,,,"TETHRISARAN",205,145,431,0,50,495,115,595,
781,29,249,0,0x0,,,,"DREADMAULROCK",220,225,707,168,205,745,350,885,
782,29,2418,0,0x0,,,,"MORGANSVIGIL",294,270,708,311,350,805,515,970,
783,29,2420,0,0x0,,,,"TERRORWINGPATH",280,355,722,46,115,780,365,995,
784,29,2417,0,0x0,,,,"BLACKROCKPASS",270,310,589,279,385,680,530,825,
786,29,253,0,0x0,,,,"PILLAROFASH",320,270,377,285,325,415,430,590,
787,29,252,0,0x0,,,,"BLACKROCKSTRONGHOLD",245,265,334,114,160,370,310,505,
788,29,2421,0,0x0,,,,"DRACODAR",415,315,56,258,330,125,545,435,
789,29,255,0,0x0,,,,"ALTAROFSTORMS",225,220,36,109,150,100,280,215,
825,19,72,0,0x0,,,,"DARKPORTAL",265,220,453,259,325,520,430,650,
827,19,1439,0,0x0,,,,"DREADMAULPOST",245,195,361,195,255,450,335,560,
861,182,1762,0,0x0,,,,"FELPAWVILLAGE",240,145,483,0,35,585,110,685,
862,182,1998,0,0x0,,,,"TALONBRANCHGLADE",160,145,548,90,130,585,195,660,
863,182,1767,0,0x0,,,,"IRONTREEWOODS",215,215,420,54,120,455,195,550,
864,182,2618,0,0x0,,,,"JADEFIRERUN",195,170,330,29,85,370,155,455,
865,182,1766,0,0x0,,,,"SHATTERSCARVALE",235,200,307,123,175,370,295,475,
866,182,1765,0,0x0,,,,"BLOODVENOMFALLS",235,145,292,263,295,360,355,490,
867,182,1763,0,0x0,,,,"JAEDENAR",245,128,271,331,375,300,425,430,
868,182,2481,0,0x0,,,,"RUINSOFCONSTELLAS",235,155,297,381,425,335,500,425,
869,182,2480,0,0x0,,,,"JADEFIREGLEN",165,155,332,465,510,370,595,455,
873,23,2279,0,0x0,,,,"STRATHOLME",240,200,194,9,35,245,170,380,
874,23,2277,0,0x0,,,,"PLAGUEWOOD",360,270,169,83,160,235,290,495,
875,23,2627,0,0x0,,,,"TERRORDALE",190,205,79,98,180,115,250,240,
876,23,2276,0,0x0,,,,"QUELLITHIENLODGE",230,150,422,36,80,485,140,575,
877,23,2275,0,0x0,,,,"NORTHPASSTOWER",240,195,457,109,145,515,235,645,
881,23,2271,0,0x0,,,,"EASTWALLTOWER",180,160,592,241,290,645,375,715,
883,23,2623,0,0x0,,,,"PESTILENTSCAR",205,250,409,345,405,475,485,580,
887,23,2264,0,0x0,,,,"CORINSCROSSING",165,160,537,367,430,550,510,645,
889,23,2262,0,0x0,,,,"DARROWSHIRE",210,179,309,489,560,340,640,460,
890,23,2258,0,0x0,,,,"THEFUNGALVALE",210,210,271,261,300,355,395,455,
891,23,2263,0,0x0,,,,"CROWNGUARDTOWER",205,165,291,401,465,345,545,430,
892,23,2261,0,0x0,,,,"THEUNDERCROFT",185,150,172,477,520,245,610,325,
921,81,467,0,0x0,,,,"STONETALONPEAK",270,205,247,0,30,270,150,475,
929,81,2539,0,0x0,,,,"MALAKAJIN",125,86,663,582,605,695,660,765,
941,32,2697,0,0x0,,,,"DEADMANSCROSSING",490,505,237,78,185,345,325,585,
965,22,813,0,0x0,,,,"THEBULWARK",225,185,137,293,350,205,425,325,
966,22,199,0,0x0,,,,"FELSTONEFIELD",160,125,300,311,340,335,405,415,
968,22,202,0,0x0,,,,"THEWRITHINGHAUNT",170,190,451,323,405,500,470,570,
970,22,190,0,0x0,,,,"HEARTHGLEN",340,288,307,16,55,365,185,580,
971,22,201,0,0x0,,,,"GAHRRONSWITHERING",180,205,520,250,345,580,420,680,
973,22,2620,0,0x0,,,,"THONDRORILRIVER",205,340,590,86,120,625,395,730,
986,121,2577,0,0x0,,,,"DIREMAUL",230,195,454,201,235,525,325,655,
86,41,186,0,0x0,,,,"DOLANAAR",190,128,462,323,340,495,420,610,
1006,281,2249,0,0x0,,,,"FROSTWHISPERGORGE",200,160,523,376,420,575,495,665,
1007,281,2256,0,0x0,,,,"DARKWHISPERGORGE",255,205,447,441,500,490,610,670,
1008,281,2250,0,0x0,,,,"OWLWINGTHICKET",165,140,593,340,380,620,445,690,
1012,281,2242,0,0x0,,,,"THEHIDDENGROVE",175,185,555,27,80,600,150,695,
1013,281,2241,0,0x0,,,,"FROSTSABERROCK",250,180,368,7,55,440,115,550,
1021,261,2740,0,0x0,,,,"THECRYSTALVALE",170,180,341,6,55,380,145,470,
1022,261,2742,0,0x0,,,,"HIVEASHI",235,170,446,8,50,485,135,615,
1024,261,2739,0,0x0,,,,"TWILIGHTBASECAMP",180,140,452,113,145,480,220,595,
1025,261,2743,0,0x0,,,,"HIVEZORA",205,225,327,118,175,380,265,480,
1026,261,2744,0,0x0,,,,"HIVEREGAL",265,185,438,194,235,535,355,655,
1027,261,2737,0,0x0,,,,"THESCARABWALL",220,140,347,275,325,395,380,510,
987,121,1105,0,0x0,,,,"FERALSCARVALE",115,115,486,329,350,510,410,580,
989,121,2522,0,0x0,,,,"RUINSOFISILDIEN",190,250,540,320,375,565,520,665,
990,121,1101,0,0x0,,,,"THEWRITHINGDEEP",240,220,618,298,340,645,475,815,
993,121,1103,0,0x0,,,,"GORDUNNIOUTPOST",140,165,690,141,175,725,240,825,
1023,261,2738,0,0x0,,,,"SOUTHWINDVILLAGE",220,230,569,18,135,590,220,670,
1041,27,809,0,0x0,,,,"IRONFORGE",315,200,397,163,205,440,295,550,
1003,281,2251,0,0x0,,,,"LAKEKELTHERIL",215,185,401,198,250,485,330,580,
1004,281,2253,0,0x0,,,,"STARFALLVILLAGE",185,160,392,137,160,445,220,550,
1005,281,2245,0,0x0,,,,"MAZTHORIL",185,180,493,258,360,555,415,615,
1009,281,2247,0,0x0,,,,"ICETHISTLEHILLS",125,165,611,242,265,650,345,715,
1011,281,2244,0,0x0,,,,"WINTERFALLVILLAGE",145,125,617,158,220,650,270,720,
988,121,1106,0,0x0,,,,"FRAYFEATHERHIGHLANDS",110,170,478,386,415,505,535,570,
991,121,1099,0,0x0,,,,"CAMPMOJACHE",155,160,689,233,250,715,315,795,
992,121,1100,0,0x0,,,,"GRIMTOTEMCOMPOUND",120,195,623,167,220,650,320,710,
995,121,1120,0,0x0,,,,"SARDORISLE",180,180,208,234,280,235,390,370,
996,121,1121,0,0x0,,,,"ISLEOFDREAD",215,293,192,375,410,225,645,370,
1002,281,2243,0,0x0,,,,"TIMBERMAWPOST",230,120,229,243,270,365,310,440,
1010,281,2255,0,0x0,,,,"EVERLOOK",165,200,509,107,220,565,285,655,
997,121,1137,0,0x0,,,,"LOWERWILDS",225,180,751,198,240,800,335,925,
